ずかんばんごう,なまえ,タイプ1,タイプ2,登場地方(とうじょうちほう),50おん
1,フシギダネ,くさ,どく,カントーちほう,ハ行
2,フシギソウ,くさ,どく,カントーちほう,ハ行
3,フシギバナ,くさ,どく,カントーちほう,ハ行
4,ヒトカゲ,ほのお,-,カントーちほう,ハ行
5,リザード,ほのお,-,カントーちほう,ラ行
6,リザードン,ほのお,ひこう,カントーちほう,ラ行
7,ゼニガメ,みず,-,カントーちほう,サ行
8,カメール,みず,-,カントーちほう,カ行
9,カメックス,みず,-,カントーちほう,カ行
10,キャタピー,むし,-,カントーちほう,カ行
11,トランセル,むし,-,カントーちほう,タ行
12,バタフリー,むし,ひこう,カントーちほう,ハ行
13,ビードル,むし,どく,カントーちほう,ハ行
14,コクーン,むし,どく,カントーちほう,カ行
15,スピアー,むし,どく,カントーちほう,サ行
16,ポッポ,ノーマル,ひこう,カントーちほう,ハ行
17,ピジョン,ノーマル,ひこう,カントーちほう,ハ行
18,ピジョット,ノーマル,ひこう,カントーちほう,ハ行
19,コラッタ,ノーマル,-,カントーちほう,カ行
20,ラッタ,ノーマル,-,カントーちほう,ラ行
21,オニスズメ,ノーマル,ひこう,カントーちほう,ア行
22,オニドリル,ノーマル,ひこう,カントーちほう,ア行
23,アーボ,どく,-,カントーちほう,ア行
24,アーボック,どく,-,カントーちほう,ア行
25,ピカチュウ,でんき,-,カントーちほう,ハ行
26,ライチュウ,でんき,-,カントーちほう,ラ行
27,サンド,じめん,-,カントーちほう,サ行
28,サンドパン,じめん,-,カントーちほう,サ行
30,ニドリーナ,どく,-,カントーちほう,ナ行
31,ニドクイン,どく,じめん,カントーちほう,ナ行
33,ニドリーノ,どく,-,カントーちほう,ナ行
34,ニドキング,どく,じめん,カントーちほう,ナ行
35,ピッピ,フェアリー,-,カントーちほう,ハ行
36,ピクシー,フェアリー,-,カントーちほう,ハ行
37,ロコン,ほのお,-,カントーちほう,ラ行
38,キュウコン,ほのお,-,カントーちほう,カ行
39,プリン,ノーマル,フェアリー,カントーちほう,ハ行
40,プクリン,ノーマル,フェアリー,カントーちほう,ハ行
41,ズバット,どく,ひこう,カントーちほう,サ行
42,ゴルバット,どく,ひこう,カントーちほう,カ行
43,ナゾノクサ,くさ,どく,カントーちほう,ナ行
44,クサイハナ,くさ,どく,カントーちほう,カ行
45,ラフレシア,くさ,どく,カントーちほう,ラ行
46,パラス,むし,くさ,カントーちほう,ハ行
47,パラセクト,むし,くさ,カントーちほう,ハ行
48,コンパン,むし,どく,カントーちほう,カ行
49,モルフォン,むし,どく,カントーちほう,マ行
50,ディグダ,じめん,-,カントーちほう,タ行
51,ダグトリオ,じめん,-,カントーちほう,タ行
52,ニャース,ノーマル,-,カントーちほう,ナ行
53,ペルシアン,ノーマル,-,カントーちほう,ハ行
54,コダック,みず,-,カントーちほう,カ行
55,ゴルダック,みず,-,カントーちほう,カ行
56,マンキー,かくとう,-,カントーちほう,マ行
57,オコリザル,かくとう,-,カントーちほう,ア行
58,ガーディ,ほのお,-,カントーちほう,カ行
59,ウインディ,ほのお,-,カントーちほう,ア行
60,ニョロモ,みず,-,カントーちほう,ナ行
61,ニョロゾ,みず,-,カントーちほう,ナ行
62,ニョロボン,みず,かくとう,カントーちほう,ナ行
63,ケーシィ,エスパー,-,カントーちほう,カ行
64,ユンゲラー,エスパー,-,カントーちほう,ヤ行
65,フーディン,エスパー,-,カントーちほう,ハ行
66,ワンリキー,かくとう,-,カントーちほう,ワ行
67,ゴーリキー,かくとう,-,カントーちほう,カ行
68,カイリキー,かくとう,-,カントーちほう,カ行
69,マダツボミ,くさ,どく,カントーちほう,マ行
70,ウツドン,くさ,どく,カントーちほう,ア行
71,ウツボット,くさ,どく,カントーちほう,ア行
72,メノクラゲ,みず,どく,カントーちほう,マ行
73,ドククラゲ,みず,どく,カントーちほう,タ行
74,イシツブテ,いわ,じめん,カントーちほう,ア行
75,ゴローン,いわ,じめん,カントーちほう,カ行
76,ゴローニャ,いわ,じめん,カントーちほう,カ行
77,ポニータ,ほのお,-,カントーちほう,ハ行
78,ギャロップ,ほのお,-,カントーちほう,カ行
79,ヤドン,みず,エスパー,カントーちほう,ヤ行
80,ヤドラン,みず,エスパー,カントーちほう,ヤ行
81,コイル,でんき,はがね,カントーちほう,カ行
82,レアコイル,でんき,はがね,カントーちほう,ラ行
83,カモネギ,ノーマル,ひこう,カントーちほう,カ行
84,ドードー,ノーマル,ひこう,カントーちほう,タ行
85,ドードリオ,ノーマル,ひこう,カントーちほう,タ行
86,パウワウ,みず,-,カントーちほう,ハ行
87,ジュゴン,みず,こおり,カントーちほう,サ行
88,ベトベター,どく,-,カントーちほう,ハ行
89,ベトベトン,どく,-,カントーちほう,ハ行
90,シェルダー,みず,-,カントーちほう,サ行
91,パルシェン,みず,こおり,カントーちほう,ハ行
92,ゴース,ゴースト,どく,カントーちほう,カ行
93,ゴースト,ゴースト,どく,カントーちほう,カ行
94,ゲンガー,ゴースト,どく,カントーちほう,カ行
95,イワーク,いわ,じめん,カントーちほう,ア行
96,スリープ,エスパー,-,カントーちほう,サ行
97,スリーパー,エスパー,-,カントーちほう,サ行
98,クラブ,みず,-,カントーちほう,カ行
99,キングラー,みず,-,カントーちほう,カ行
100,ビリリダマ,でんき,-,カントーちほう,ハ行
101,マルマイン,でんき,-,カントーちほう,マ行
102,タマタマ,くさ,エスパー,カントーちほう,タ行
103,ナッシー,くさ,エスパー,カントーちほう,ナ行
104,カラカラ,じめん,-,カントーちほう,カ行
105,ガラガラ,じめん,-,カントーちほう,カ行
106,サワムラー,かくとう,-,カントーちほう,サ行
107,エビワラー,かくとう,-,カントーちほう,ア行
108,ベロリンガ,ノーマル,-,カントーちほう,ハ行
109,ドガース,どく,-,カントーちほう,タ行
110,マタドガス,どく,-,カントーちほう,マ行
111,サイホーン,じめん,いわ,カントーちほう,サ行
112,サイドン,じめん,いわ,カントーちほう,サ行
113,ラッキー,ノーマル,-,カントーちほう,ラ行
114,モンジャラ,くさ,-,カントーちほう,マ行
115,ガルーラ,ノーマル,-,カントーちほう,カ行
116,タッツー,みず,-,カントーちほう,タ行
117,シードラ,みず,-,カントーちほう,サ行
118,トサキント,みず,-,カントーちほう,タ行
119,アズマオウ,みず,-,カントーちほう,ア行
120,ヒトデマン,みず,-,カントーちほう,ハ行
121,スターミー,みず,エスパー,カントーちほう,サ行
122,バリヤード,エスパー,フェアリー,カントーちほう,ハ行
123,ストライク,むし,ひこう,カントーちほう,サ行
124,ルージュラ,こおり,エスパー,カントーちほう,ラ行
125,エレブー,でんき,-,カントーちほう,ア行
126,ブーバー,ほのお,-,カントーちほう,ハ行
127,カイロス,むし,-,カントーちほう,カ行
128,ケンタロス,ノーマル,-,カントーちほう,カ行
129,コイキング,みず,-,カントーちほう,カ行
130,ギャラドス,みず,ひこう,カントーちほう,カ行
131,ラプラス,みず,こおり,カントーちほう,ラ行
132,メタモン,ノーマル,-,カントーちほう,マ行
133,イーブイ,ノーマル,-,カントーちほう,ア行
134,シャワーズ,みず,-,カントーちほう,サ行
135,サンダース,でんき,-,カントーちほう,サ行
136,ブースター,ほのお,-,カントーちほう,ハ行
137,ポリゴン,ノーマル,-,カントーちほう,ハ行
138,オムナイト,いわ,みず,カントーちほう,ア行
139,オムスター,いわ,みず,カントーちほう,ア行
140,カブト,いわ,みず,カントーちほう,カ行
141,カブトプス,いわ,みず,カントーちほう,カ行
142,プテラ,いわ,ひこう,カントーちほう,ハ行
143,カビゴン,ノーマル,-,カントーちほう,カ行
144,フリーザー,こおり,ひこう,カントーちほう,ハ行
145,サンダー,でんき,ひこう,カントーちほう,サ行
146,ファイヤー,ほのお,ひこう,カントーちほう,ハ行
147,ミニリュウ,ドラゴン,-,カントーちほう,マ行
148,ハクリュー,ドラゴン,-,カントーちほう,ハ行
149,カイリュー,ドラゴン,ひこう,カントーちほう,カ行
150,ミュウツー,エスパー,-,カントーちほう,マ行
151,ミュウ,エスパー,-,カントーちほう,マ行
152,チコリータ,くさ,-,ジョウトちほう,タ行
153,ベイリーフ,くさ,-,ジョウトちほう,ハ行
154,メガニウム,くさ,-,ジョウトちほう,マ行
155,ヒノアラシ,ほのお,-,ジョウトちほう,ハ行
156,マグマラシ,ほのお,-,ジョウトちほう,マ行
157,バクフーン,ほのお,-,ジョウトちほう,ハ行
158,ワニノコ,みず,-,ジョウトちほう,ワ行
159,アリゲイツ,みず,-,ジョウトちほう,ア行
160,オーダイル,みず,-,ジョウトちほう,ア行
161,オタチ,ノーマル,-,ジョウトちほう,ア行
162,オオタチ,ノーマル,-,ジョウトちほう,ア行
163,ホーホー,ノーマル,ひこう,ジョウトちほう,ハ行
164,ヨルノズク,ノーマル,ひこう,ジョウトちほう,ヤ行
165,レディバ,むし,ひこう,ジョウトちほう,ラ行
166,レディアン,むし,ひこう,ジョウトちほう,ラ行
167,イトマル,むし,どく,ジョウトちほう,ア行
168,アリアドス,むし,どく,ジョウトちほう,ア行
169,クロバット,どく,ひこう,ジョウトちほう,カ行
170,チョンチー,みず,でんき,ジョウトちほう,タ行
171,ランターン,みず,でんき,ジョウトちほう,ラ行
172,ピチュー,でんき,-,ジョウトちほう,ハ行
173,ピィ,フェアリー,-,ジョウトちほう,ハ行
174,ププリン,ノーマル,フェアリー,ジョウトちほう,ハ行
175,トゲピー,フェアリー,-,ジョウトちほう,タ行
176,トゲチック,フェアリー,ひこう,ジョウトちほう,タ行
177,ネイティ,エスパー,ひこう,ジョウトちほう,ナ行
178,ネイティオ,エスパー,ひこう,ジョウトちほう,ナ行
179,メリープ,でんき,-,ジョウトちほう,マ行
180,モココ,でんき,-,ジョウトちほう,マ行
181,デンリュウ,でんき,-,ジョウトちほう,タ行
182,キレイハナ,くさ,-,ジョウトちほう,カ行
183,マリル,みず,フェアリー,ジョウトちほう,マ行
184,マリルリ,みず,フェアリー,ジョウトちほう,マ行
185,ウソッキー,いわ,-,ジョウトちほう,ア行
186,ニョロトノ,みず,-,ジョウトちほう,ナ行
187,ハネッコ,くさ,ひこう,ジョウトちほう,ハ行
188,ポポッコ,くさ,ひこう,ジョウトちほう,ハ行
189,ワタッコ,くさ,ひこう,ジョウトちほう,ワ行
190,エイパム,ノーマル,-,ジョウトちほう,ア行
191,ヒマナッツ,くさ,-,ジョウトちほう,ハ行
192,キマワリ,くさ,-,ジョウトちほう,カ行
193,ヤンヤンマ,むし,ひこう,ジョウトちほう,ヤ行
194,ウパー,みず,じめん,ジョウトちほう,ア行
195,ヌオー,みず,じめん,ジョウトちほう,ナ行
196,エーフィ,エスパー,-,ジョウトちほう,ア行
197,ブラッキー,あく,-,ジョウトちほう,ハ行
198,ヤミカラス,あく,ひこう,ジョウトちほう,ヤ行
199,ヤドキング,みず,エスパー,ジョウトちほう,ヤ行
200,ムウマ,ゴースト,-,ジョウトちほう,マ行
201,アンノーン,エスパー,-,ジョウトちほう,ア行
202,ソーナンス,エスパー,-,ジョウトちほう,サ行
203,キリンリキ,ノーマル,エスパー,ジョウトちほう,カ行
204,クヌギダマ,むし,-,ジョウトちほう,カ行
205,フォレトス,むし,はがね,ジョウトちほう,ハ行
206,ノコッチ,ノーマル,-,ジョウトちほう,ナ行
207,グライガー,じめん,ひこう,ジョウトちほう,カ行
208,ハガネール,はがね,じめん,ジョウトちほう,ハ行
209,ブルー,フェアリー,-,ジョウトちほう,ハ行
210,グランブル,フェアリー,-,ジョウトちほう,カ行
211,ハリーセン,みず,どく,ジョウトちほう,ハ行
212,ハッサム,むし,はがね,ジョウトちほう,ハ行
213,ツボツボ,むし,いわ,ジョウトちほう,タ行
214,ヘラクロス,むし,かくとう,ジョウトちほう,ハ行
215,ニューラ,あく,こおり,ジョウトちほう,ナ行
216,ヒメグマ,ノーマル,-,ジョウトちほう,ハ行
217,リングマ,ノーマル,-,ジョウトちほう,ラ行
218,マグマッグ,ほのお,-,ジョウトちほう,マ行
219,マグカルゴ,ほのお,いわ,ジョウトちほう,マ行
220,ウリムー,こおり,じめん,ジョウトちほう,ア行
221,イノムー,こおり,じめん,ジョウトちほう,ア行
222,サニーゴ,みず,いわ,ジョウトちほう,サ行
223,テッポウオ,みず,-,ジョウトちほう,タ行
224,オクタン,みず,-,ジョウトちほう,ア行
225,デリバード,こおり,ひこう,ジョウトちほう,タ行
226,マンタイン,みず,ひこう,ジョウトちほう,マ行
227,エアームド,はがね,ひこう,ジョウトちほう,ア行
228,デルビル,あく,ほのお,ジョウトちほう,タ行
229,ヘルガー,あく,ほのお,ジョウトちほう,ハ行
230,キングドラ,みず,ドラゴン,ジョウトちほう,カ行
231,ゴマゾウ,じめん,-,ジョウトちほう,カ行
232,ドンファン,じめん,-,ジョウトちほう,タ行
234,オドシシ,ノーマル,-,ジョウトちほう,ア行
235,ドーブル,ノーマル,-,ジョウトちほう,タ行
236,バルキー,かくとう,-,ジョウトちほう,ハ行
237,カポエラー,かくとう,-,ジョウトちほう,カ行
238,ムチュール,こおり,エスパー,ジョウトちほう,マ行
239,エレキッド,でんき,-,ジョウトちほう,ア行
240,ブビィ,ほのお,-,ジョウトちほう,ハ行
241,ミルタンク,ノーマル,-,ジョウトちほう,マ行
242,ハピナス,ノーマル,-,ジョウトちほう,ハ行
243,ライコウ,でんき,-,ジョウトちほう,ラ行
244,エンテイ,ほのお,-,ジョウトちほう,ア行
245,スイクン,みず,-,ジョウトちほう,サ行
246,ヨーギラス,いわ,じめん,ジョウトちほう,ヤ行
247,サナギラス,いわ,じめん,ジョウトちほう,サ行
248,バンギラス,いわ,あく,ジョウトちほう,ハ行
249,ルギア,エスパー,ひこう,ジョウトちほう,ラ行
250,ホウオウ,ほのお,ひこう,ジョウトちほう,ハ行
251,セレビィ,エスパー,くさ,ジョウトちほう,サ行
252,キモリ,くさ,-,ホウエンちほう,カ行
253,ジュプトル,くさ,-,ホウエンちほう,サ行
254,ジュカイン,くさ,-,ホウエンちほう,サ行
255,アチャモ,ほのお,-,ホウエンちほう,ア行
256,ワカシャモ,ほのお,かくとう,ホウエンちほう,ワ行
257,バシャーモ,ほのお,かくとう,ホウエンちほう,ハ行
258,ミズゴロウ,みず,-,ホウエンちほう,マ行
259,ヌマクロー,みず,じめん,ホウエンちほう,ナ行
260,ラグラージ,みず,じめん,ホウエンちほう,ラ行
261,ポチエナ,あく,-,ホウエンちほう,ハ行
262,グラエナ,あく,-,ホウエンちほう,カ行
263,ジグザグマ,ノーマル,-,ホウエンちほう,サ行
264,マッスグマ,ノーマル,-,ホウエンちほう,マ行
265,ケムッソ,むし,-,ホウエンちほう,カ行
266,カラサリス,むし,-,ホウエンちほう,カ行
267,アゲハント,むし,ひこう,ホウエンちほう,ア行
268,マユルド,むし,-,ホウエンちほう,マ行
269,ドクケイル,むし,どく,ホウエンちほう,タ行
270,ハスボー,みず,くさ,ホウエンちほう,ハ行
271,ハスブレロ,みず,くさ,ホウエンちほう,ハ行
272,ルンパッパ,みず,くさ,ホウエンちほう,ラ行
273,タネボー,くさ,-,ホウエンちほう,タ行
274,コノハナ,くさ,あく,ホウエンちほう,カ行
275,ダーテング,くさ,あく,ホウエンちほう,タ行
276,スバメ,ノーマル,ひこう,ホウエンちほう,サ行
277,オオスバメ,ノーマル,ひこう,ホウエンちほう,ア行
278,キャモメ,みず,ひこう,ホウエンちほう,カ行
279,ペリッパー,みず,ひこう,ホウエンちほう,ハ行
280,ラルトス,エスパー,フェアリー,ホウエンちほう,ラ行
281,キルリア,エスパー,フェアリー,ホウエンちほう,カ行
282,サーナイト,エスパー,フェアリー,ホウエンちほう,サ行
283,アメタマ,むし,みず,ホウエンちほう,ア行
284,アメモース,むし,ひこう,ホウエンちほう,ア行
285,キノココ,くさ,-,ホウエンちほう,カ行
286,キノガッサ,くさ,かくとう,ホウエンちほう,カ行
287,ナマケロ,ノーマル,-,ホウエンちほう,ナ行
288,ヤルキモノ,ノーマル,-,ホウエンちほう,ヤ行
289,ケッキング,ノーマル,-,ホウエンちほう,カ行
290,ツチニン,むし,じめん,ホウエンちほう,タ行
291,テッカニン,むし,ひこう,ホウエンちほう,タ行
292,ヌケニン,むし,ゴースト,ホウエンちほう,ナ行
293,ゴニョニョ,ノーマル,-,ホウエンちほう,カ行
294,ドゴーム,ノーマル,-,ホウエンちほう,タ行
295,バクオング,ノーマル,-,ホウエンちほう,ハ行
296,マクノシタ,かくとう,-,ホウエンちほう,マ行
297,ハリテヤマ,かくとう,-,ホウエンちほう,ハ行
298,ルリリ,ノーマル,フェアリー,ホウエンちほう,ラ行
299,ノズパス,いわ,-,ホウエンちほう,ナ行
300,エネコ,ノーマル,-,ホウエンちほう,ア行
301,エネコロロ,ノーマル,-,ホウエンちほう,ア行
302,ヤミラミ,あく,ゴースト,ホウエンちほう,ヤ行
303,クチート,はがね,フェアリー,ホウエンちほう,カ行
304,ココドラ,はがね,いわ,ホウエンちほう,カ行
305,コドラ,はがね,いわ,ホウエンちほう,カ行
306,ボスゴドラ,はがね,いわ,ホウエンちほう,ハ行
307,アサナン,かくとう,エスパー,ホウエンちほう,ア行
308,チャーレム,かくとう,エスパー,ホウエンちほう,タ行
309,ラクライ,でんき,-,ホウエンちほう,ラ行
310,ライボルト,でんき,-,ホウエンちほう,ラ行
311,プラスル,でんき,-,ホウエンちほう,ハ行
312,マイナン,でんき,-,ホウエンちほう,マ行
313,バルビート,むし,-,ホウエンちほう,ハ行
314,イルミーゼ,むし,-,ホウエンちほう,ア行
315,ロゼリア,くさ,どく,ホウエンちほう,ラ行
316,ゴクリン,どく,-,ホウエンちほう,カ行
317,マルノーム,どく,-,ホウエンちほう,マ行
318,キバニア,みず,あく,ホウエンちほう,カ行
319,サメハダー,みず,あく,ホウエンちほう,サ行
320,ホエルコ,みず,-,ホウエンちほう,ハ行
321,ホエルオー,みず,-,ホウエンちほう,ハ行
322,ドンメル,ほのお,じめん,ホウエンちほう,タ行
323,バクーダ,ほのお,じめん,ホウエンちほう,ハ行
324,コータス,ほのお,-,ホウエンちほう,カ行
325,バネブー,エスパー,-,ホウエンちほう,ハ行
326,ブーピッグ,エスパー,-,ホウエンちほう,ハ行
327,パッチール,ノーマル,-,ホウエンちほう,ハ行
328,ナックラー,じめん,-,ホウエンちほう,ナ行
329,ビブラーバ,じめん,ドラゴン,ホウエンちほう,ハ行
330,フライゴン,じめん,ドラゴン,ホウエンちほう,ハ行
331,サボネア,くさ,-,ホウエンちほう,サ行
332,ノクタス,くさ,あく,ホウエンちほう,ナ行
333,チルット,ノーマル,ひこう,ホウエンちほう,タ行
334,チルタリス,ドラゴン,ひこう,ホウエンちほう,タ行
335,ザングース,ノーマル,-,ホウエンちほう,サ行
336,ハブネーク,どく,-,ホウエンちほう,ハ行
337,ルナトーン,いわ,エスパー,ホウエンちほう,ラ行
338,ソルロック,いわ,エスパー,ホウエンちほう,サ行
339,ドジョッチ,みず,じめん,ホウエンちほう,タ行
340,ナマズン,みず,じめん,ホウエンちほう,ナ行
341,ヘイガニ,みず,-,ホウエンちほう,ハ行
342,シザリガー,みず,あく,ホウエンちほう,サ行
343,ヤジロン,じめん,エスパー,ホウエンちほう,ヤ行
344,ネンドール,じめん,エスパー,ホウエンちほう,ナ行
345,リリーラ,いわ,くさ,ホウエンちほう,ラ行
346,ユレイドル,いわ,くさ,ホウエンちほう,ヤ行
347,アノプス,いわ,むし,ホウエンちほう,ア行
348,アーマルド,いわ,むし,ホウエンちほう,ア行
349,ヒンバス,みず,-,ホウエンちほう,ハ行
350,ミロカロス,みず,-,ホウエンちほう,マ行
351,ポワルン,ノーマル,-,ホウエンちほう,ハ行
352,カクレオン,ノーマル,-,ホウエンちほう,カ行
353,カゲボウズ,ゴースト,-,ホウエンちほう,カ行
354,ジュペッタ,ゴースト,-,ホウエンちほう,サ行
355,ヨマワル,ゴースト,-,ホウエンちほう,ヤ行
356,サマヨール,ゴースト,-,ホウエンちほう,サ行
357,トロピウス,くさ,ひこう,ホウエンちほう,タ行
358,チリーン,エスパー,-,ホウエンちほう,タ行
359,アブソル,あく,-,ホウエンちほう,ア行
360,ソーナノ,エスパー,-,ホウエンちほう,サ行
361,ユキワラシ,こおり,-,ホウエンちほう,ヤ行
362,オニゴーリ,こおり,-,ホウエンちほう,ア行
363,タマザラシ,こおり,みず,ホウエンちほう,タ行
364,トドグラー,こおり,みず,ホウエンちほう,タ行
365,トドゼルガ,こおり,みず,ホウエンちほう,タ行
366,パールル,みず,-,ホウエンちほう,ハ行
367,ハンテール,みず,-,ホウエンちほう,ハ行
368,サクラビス,みず,-,ホウエンちほう,サ行
369,ジーランス,みず,いわ,ホウエンちほう,サ行
370,ラブカス,みず,-,ホウエンちほう,ラ行
371,タツベイ,ドラゴン,-,ホウエンちほう,タ行
372,コモルー,ドラゴン,-,ホウエンちほう,カ行
373,ボーマンダ,ドラゴン,ひこう,ホウエンちほう,ハ行
374,ダンバル,はがね,エスパー,ホウエンちほう,タ行
375,メタング,はがね,エスパー,ホウエンちほう,マ行
376,メタグロス,はがね,エスパー,ホウエンちほう,マ行
377,レジロック,いわ,-,ホウエンちほう,ラ行
378,レジアイス,こおり,-,ホウエンちほう,ラ行
379,レジスチル,はがね,-,ホウエンちほう,ラ行
380,ラティアス,ドラゴン,エスパー,ホウエンちほう,ラ行
381,ラティオス,ドラゴン,エスパー,ホウエンちほう,ラ行
382,カイオーガ,みず,-,ホウエンちほう,カ行
383,グラードン,じめん,-,ホウエンちほう,カ行
384,レックウザ,ドラゴン,ひこう,ホウエンちほう,ラ行
385,ジラーチ,はがね,エスパー,ホウエンちほう,サ行
386,デオキシス,エスパー,-,ホウエンちほう,タ行
387,ナエトル,くさ,-,シンオウちほう,ナ行
388,ハヤシガメ,くさ,-,シンオウちほう,ハ行
389,ドダイトス,くさ,じめん,シンオウちほう,タ行
390,ヒコザル,ほのお,-,シンオウちほう,ハ行
391,モウカザル,ほのお,かくとう,シンオウちほう,マ行
392,ゴウカザル,ほのお,かくとう,シンオウちほう,カ行
393,ポッチャマ,みず,-,シンオウちほう,ハ行
394,ポッタイシ,みず,-,シンオウちほう,ハ行
395,エンペルト,みず,はがね,シンオウちほう,ア行
396,ムックル,ノーマル,ひこう,シンオウちほう,マ行
397,ムクバード,ノーマル,ひこう,シンオウちほう,マ行
398,ムクホーク,ノーマル,ひこう,シンオウちほう,マ行
399,ビッパ,ノーマル,-,シンオウちほう,ハ行
400,ビーダル,ノーマル,みず,シンオウちほう,ハ行
401,コロボーシ,むし,-,シンオウちほう,カ行
402,コロトック,むし,-,シンオウちほう,カ行
403,コリンク,でんき,-,シンオウちほう,カ行
404,ルクシオ,でんき,-,シンオウちほう,ラ行
405,レントラー,でんき,-,シンオウちほう,ラ行
406,スボミー,くさ,どく,シンオウちほう,サ行
407,ロズレイド,くさ,どく,シンオウちほう,ラ行
408,ズガイドス,いわ,-,シンオウちほう,サ行
409,ラムパルド,いわ,-,シンオウちほう,ラ行
410,タテトプス,いわ,はがね,シンオウちほう,タ行
411,トリデプス,いわ,はがね,シンオウちほう,タ行
412,ミノムッチ,むし,-,シンオウちほう,マ行
413,ミノマダム,むし,くさ,シンオウちほう,マ行
414,ガーメイル,むし,ひこう,シンオウちほう,カ行
415,ミツハニー,むし,ひこう,シンオウちほう,マ行
416,ビークイン,むし,ひこう,シンオウちほう,ハ行
417,パチリス,でんき,-,シンオウちほう,ハ行
418,ブイゼル,みず,-,シンオウちほう,ハ行
419,フローゼル,みず,-,シンオウちほう,ハ行
420,チェリンボ,くさ,-,シンオウちほう,タ行
421,チェリム,くさ,-,シンオウちほう,タ行
422,カラナクシ,みず,-,シンオウちほう,カ行
423,トリトドン,みず,じめん,シンオウちほう,タ行
424,エテボース,ノーマル,-,シンオウちほう,ア行
425,フワンテ,ゴースト,ひこう,シンオウちほう,ハ行
426,フワライド,ゴースト,ひこう,シンオウちほう,ハ行
427,ミミロル,ノーマル,-,シンオウちほう,マ行
428,ミミロップ,ノーマル,-,シンオウちほう,マ行
429,ムウマージ,ゴースト,-,シンオウちほう,マ行
430,ドンカラス,あく,ひこう,シンオウちほう,タ行
431,ニャルマー,ノーマル,-,シンオウちほう,ナ行
432,ブニャット,ノーマル,-,シンオウちほう,ハ行
433,リーシャン,エスパー,-,シンオウちほう,ラ行
434,スカンプー,どく,あく,シンオウちほう,サ行
435,スカタンク,どく,あく,シンオウちほう,サ行
436,ドーミラー,はがね,エスパー,シンオウちほう,タ行
437,ドータクン,はがね,エスパー,シンオウちほう,タ行
438,ウソハチ,いわ,-,シンオウちほう,ア行
439,マネネ,エスパー,フェアリー,シンオウちほう,マ行
440,ピンプク,ノーマル,-,シンオウちほう,ハ行
441,ペラップ,ノーマル,ひこう,シンオウちほう,ハ行
442,ミカルゲ,ゴースト,あく,シンオウちほう,マ行
443,フカマル,ドラゴン,じめん,シンオウちほう,ハ行
444,ガバイト,ドラゴン,じめん,シンオウちほう,カ行
445,ガブリアス,ドラゴン,じめん,シンオウちほう,カ行
446,ゴンベ,ノーマル,-,シンオウちほう,カ行
447,リオル,かくとう,-,シンオウちほう,ラ行
448,ルカリオ,かくとう,はがね,シンオウちほう,ラ行
449,ヒポポタス,じめん,-,シンオウちほう,ハ行
450,カバルドン,じめん,-,シンオウちほう,カ行
451,スコルピ,どく,むし,シンオウちほう,サ行
452,ドラピオン,どく,あく,シンオウちほう,タ行
453,グレッグル,どく,かくとう,シンオウちほう,カ行
454,ドクロッグ,どく,かくとう,シンオウちほう,タ行
455,マスキッパ,くさ,-,シンオウちほう,マ行
456,ケイコウオ,みず,-,シンオウちほう,カ行
457,ネオラント,みず,-,シンオウちほう,ナ行
458,タマンタ,みず,ひこう,シンオウちほう,タ行
459,ユキカブリ,くさ,こおり,シンオウちほう,ヤ行
460,ユキノオー,くさ,こおり,シンオウちほう,ヤ行
461,マニューラ,あく,こおり,シンオウちほう,マ行
462,ジバコイル,でんき,はがね,シンオウちほう,サ行
463,ベロベルト,ノーマル,-,シンオウちほう,ハ行
464,ドサイドン,じめん,いわ,シンオウちほう,タ行
465,モジャンボ,くさ,-,シンオウちほう,マ行
466,エレキブル,でんき,-,シンオウちほう,ア行
467,ブーバーン,ほのお,-,シンオウちほう,ハ行
468,トゲキッス,フェアリー,ひこう,シンオウちほう,タ行
469,メガヤンマ,むし,ひこう,シンオウちほう,マ行
470,リーフィア,くさ,-,シンオウちほう,ラ行
471,グレイシア,こおり,-,シンオウちほう,カ行
472,グライオン,じめん,ひこう,シンオウちほう,カ行
473,マンムー,こおり,じめん,シンオウちほう,マ行
475,エルレイド,エスパー,かくとう,シンオウちほう,ア行
476,ダイノーズ,いわ,はがね,シンオウちほう,タ行
477,ヨノワール,ゴースト,-,シンオウちほう,ヤ行
478,ユキメノコ,こおり,ゴースト,シンオウちほう,ヤ行
479,ロトム,でんき,ゴースト,シンオウちほう,ラ行
480,ユクシー,エスパー,-,シンオウちほう,ヤ行
481,エムリット,エスパー,-,シンオウちほう,ア行
482,アグノム,エスパー,-,シンオウちほう,ア行
483,ディアルガ,はがね,ドラゴン,シンオウちほう,タ行
484,パルキア,みず,ドラゴン,シンオウちほう,ハ行
485,ヒードラン,ほのお,はがね,シンオウちほう,ハ行
486,レジギガス,ノーマル,-,シンオウちほう,ラ行
487,ギラティナ,ゴースト,ドラゴン,シンオウちほう,カ行
488,クレセリア,エスパー,-,シンオウちほう,カ行
489,フィオネ,みず,-,シンオウちほう,ハ行
490,マナフィ,みず,-,シンオウちほう,マ行
491,ダークライ,あく,-,シンオウちほう,タ行
492,シェイミ,くさ,-,シンオウちほう,サ行
493,アルセウス,ノーマル,-,シンオウちほう,ア行
494,ビクティニ,エスパー,ほのお,イッシュちほう,ハ行
495,ツタージャ,くさ,-,イッシュちほう,タ行
496,ジャノビー,くさ,-,イッシュちほう,サ行
497,ジャローダ,くさ,-,イッシュちほう,サ行
498,ポカブ,ほのお,-,イッシュちほう,ハ行
499,チャオブー,ほのお,かくとう,イッシュちほう,タ行
500,エンブオー,ほのお,かくとう,イッシュちほう,ア行
501,ミジュマル,みず,-,イッシュちほう,マ行
502,フタチマル,みず,-,イッシュちほう,ハ行
503,ダイケンキ,みず,-,イッシュちほう,タ行
504,ミネズミ,ノーマル,-,イッシュちほう,マ行
505,ミルホッグ,ノーマル,-,イッシュちほう,マ行
506,ヨーテリー,ノーマル,-,イッシュちほう,ヤ行
507,ハーデリア,ノーマル,-,イッシュちほう,ハ行
508,ムーランド,ノーマル,-,イッシュちほう,マ行
509,チョロネコ,あく,-,イッシュちほう,タ行
510,レパルダス,あく,-,イッシュちほう,ラ行
511,ヤナップ,くさ,-,イッシュちほう,ヤ行
512,ヤナッキー,くさ,-,イッシュちほう,ヤ行
513,バオップ,ほのお,-,イッシュちほう,ハ行
514,バオッキー,ほのお,-,イッシュちほう,ハ行
515,ヒヤップ,みず,-,イッシュちほう,ハ行
516,ヒヤッキー,みず,-,イッシュちほう,ハ行
517,ムンナ,エスパー,-,イッシュちほう,マ行
518,ムシャーナ,エスパー,-,イッシュちほう,マ行
519,マメパト,ノーマル,ひこう,イッシュちほう,マ行
520,ハトーボー,ノーマル,ひこう,イッシュちほう,ハ行
521,ケンホロウ,ノーマル,ひこう,イッシュちほう,カ行
522,シママ,でんき,-,イッシュちほう,サ行
523,ゼブライカ,でんき,-,イッシュちほう,サ行
524,ダンゴロ,いわ,-,イッシュちほう,タ行
525,ガントル,いわ,-,イッシュちほう,カ行
526,ギガイアス,いわ,-,イッシュちほう,カ行
527,コロモリ,エスパー,ひこう,イッシュちほう,カ行
528,ココロモリ,エスパー,ひこう,イッシュちほう,カ行
529,モグリュー,じめん,-,イッシュちほう,マ行
530,ドリュウズ,じめん,はがね,イッシュちほう,タ行
531,タブンネ,ノーマル,-,イッシュちほう,タ行
532,ドッコラー,かくとう,-,イッシュちほう,タ行
533,ドテッコツ,かくとう,-,イッシュちほう,タ行
534,ローブシン,かくとう,-,イッシュちほう,ラ行
535,オタマロ,みず,-,イッシュちほう,ア行
536,ガマガル,みず,じめん,イッシュちほう,カ行
537,ガマゲロゲ,みず,じめん,イッシュちほう,カ行
538,ナゲキ,かくとう,-,イッシュちほう,ナ行
539,ダゲキ,かくとう,-,イッシュちほう,タ行
540,クルミル,むし,くさ,イッシュちほう,カ行
541,クルマユ,むし,くさ,イッシュちほう,カ行
542,ハハコモリ,むし,くさ,イッシュちほう,ハ行
543,フシデ,むし,どく,イッシュちほう,ハ行
544,ホイーガ,むし,どく,イッシュちほう,ハ行
545,ペンドラー,むし,どく,イッシュちほう,ハ行
546,モンメン,くさ,フェアリー,イッシュちほう,マ行
547,エルフーン,くさ,フェアリー,イッシュちほう,ア行
548,チュリネ,くさ,-,イッシュちほう,タ行
549,ドレディア,くさ,-,イッシュちほう,タ行
550,バスラオ,みず,-,イッシュちほう,ハ行
551,メグロコ,じめん,あく,イッシュちほう,マ行
552,ワルビル,じめん,あく,イッシュちほう,ワ行
553,ワルビアル,じめん,あく,イッシュちほう,ワ行
554,ダルマッカ,ほのお,-,イッシュちほう,タ行
555,ヒヒダルマ,ほのお,-,イッシュちほう,ハ行
556,マラカッチ,くさ,-,イッシュちほう,マ行
557,イシズマイ,むし,いわ,イッシュちほう,ア行
558,イワパレス,むし,いわ,イッシュちほう,ア行
559,ズルッグ,あく,かくとう,イッシュちほう,サ行
560,ズルズキン,あく,かくとう,イッシュちほう,サ行
561,シンボラー,エスパー,ひこう,イッシュちほう,サ行
562,デスマス,ゴースト,-,イッシュちほう,タ行
563,デスカーン,ゴースト,-,イッシュちほう,タ行
564,プロトーガ,みず,いわ,イッシュちほう,ハ行
565,アバゴーラ,みず,いわ,イッシュちほう,ア行
566,アーケン,いわ,ひこう,イッシュちほう,ア行
567,アーケオス,いわ,ひこう,イッシュちほう,ア行
568,ヤブクロン,どく,-,イッシュちほう,ヤ行
569,ダストダス,どく,-,イッシュちほう,タ行
570,ゾロア,あく,-,イッシュちほう,サ行
571,ゾロアーク,あく,-,イッシュちほう,サ行
572,チラーミィ,ノーマル,-,イッシュちほう,タ行
573,チラチーノ,ノーマル,-,イッシュちほう,タ行
574,ゴチム,エスパー,-,イッシュちほう,カ行
575,ゴチミル,エスパー,-,イッシュちほう,カ行
576,ゴチルゼル,エスパー,-,イッシュちほう,カ行
577,ユニラン,エスパー,-,イッシュちほう,ヤ行
578,ダブラン,エスパー,-,イッシュちほう,タ行
579,ランクルス,エスパー,-,イッシュちほう,ラ行
580,コアルヒー,みず,ひこう,イッシュちほう,カ行
581,スワンナ,みず,ひこう,イッシュちほう,サ行
582,バニプッチ,こおり,-,イッシュちほう,ハ行
583,バニリッチ,こおり,-,イッシュちほう,ハ行
584,バイバニラ,こおり,-,イッシュちほう,ハ行
585,シキジカ,ノーマル,くさ,イッシュちほう,サ行
586,メブキジカ,ノーマル,くさ,イッシュちほう,マ行
587,エモンガ,でんき,ひこう,イッシュちほう,ア行
588,カブルモ,むし,-,イッシュちほう,カ行
589,シュバルゴ,むし,はがね,イッシュちほう,サ行
590,タマゲタケ,くさ,どく,イッシュちほう,タ行
591,モロバレル,くさ,どく,イッシュちほう,マ行
592,プルリル,みず,ゴースト,イッシュちほう,ハ行
593,ブルンゲル,みず,ゴースト,イッシュちほう,ハ行
594,ママンボウ,みず,-,イッシュちほう,マ行
595,バチュル,むし,でんき,イッシュちほう,ハ行
596,デンチュラ,むし,でんき,イッシュちほう,タ行
597,テッシード,くさ,はがね,イッシュちほう,タ行
598,ナットレイ,くさ,はがね,イッシュちほう,ナ行
599,ギアル,はがね,-,イッシュちほう,カ行
600,ギギアル,はがね,-,イッシュちほう,カ行
601,ギギギアル,はがね,-,イッシュちほう,カ行
602,シビシラス,でんき,-,イッシュちほう,サ行
603,シビビール,でんき,-,イッシュちほう,サ行
604,シビルドン,でんき,-,イッシュちほう,サ行
605,リグレー,エスパー,-,イッシュちほう,ラ行
606,オーベム,エスパー,-,イッシュちほう,ア行
607,ヒトモシ,ゴースト,ほのお,イッシュちほう,ハ行
608,ランプラー,ゴースト,ほのお,イッシュちほう,ラ行
609,シャンデラ,ゴースト,ほのお,イッシュちほう,サ行
610,キバゴ,ドラゴン,-,イッシュちほう,カ行
611,オノンド,ドラゴン,-,イッシュちほう,ア行
612,オノノクス,ドラゴン,-,イッシュちほう,ア行
613,クマシュン,こおり,-,イッシュちほう,カ行
614,ツンベアー,こおり,-,イッシュちほう,タ行
615,フリージオ,こおり,-,イッシュちほう,ハ行
616,チョボマキ,むし,-,イッシュちほう,タ行
617,アギルダー,むし,-,イッシュちほう,ア行
618,マッギョ,じめん,でんき,イッシュちほう,マ行
619,コジョフー,かくとう,-,イッシュちほう,カ行
620,コジョンド,かくとう,-,イッシュちほう,カ行
621,クリムガン,ドラゴン,-,イッシュちほう,カ行
622,ゴビット,じめん,ゴースト,イッシュちほう,カ行
623,ゴルーグ,じめん,ゴースト,イッシュちほう,カ行
624,コマタナ,あく,はがね,イッシュちほう,カ行
625,キリキザン,あく,はがね,イッシュちほう,カ行
626,バッフロン,ノーマル,-,イッシュちほう,ハ行
627,ワシボン,ノーマル,ひこう,イッシュちほう,ワ行
628,ウォーグル,ノーマル,ひこう,イッシュちほう,ア行
629,バルチャイ,あく,ひこう,イッシュちほう,ハ行
630,バルジーナ,あく,ひこう,イッシュちほう,ハ行
631,クイタラン,ほのお,-,イッシュちほう,カ行
632,アイアント,むし,はがね,イッシュちほう,ア行
633,モノズ,あく,ドラゴン,イッシュちほう,マ行
634,ジヘッド,あく,ドラゴン,イッシュちほう,サ行
635,サザンドラ,あく,ドラゴン,イッシュちほう,サ行
636,メラルバ,むし,ほのお,イッシュちほう,マ行
637,ウルガモス,むし,ほのお,イッシュちほう,ア行
638,コバルオン,はがね,かくとう,イッシュちほう,カ行
639,テラキオン,いわ,かくとう,イッシュちほう,タ行
640,ビリジオン,くさ,かくとう,イッシュちほう,ハ行
641,トルネロス,ひこう,-,イッシュちほう,タ行
642,ボルトロス,でんき,ひこう,イッシュちほう,ハ行
643,レシラム,ドラゴン,ほのお,イッシュちほう,ラ行
644,ゼクロム,ドラゴン,でんき,イッシュちほう,サ行
645,ランドロス,じめん,ひこう,イッシュちほう,ラ行
646,キュレム,ドラゴン,こおり,イッシュちほう,カ行
647,ケルディオ,みず,かくとう,イッシュちほう,カ行
648,メロエッタ,ノーマル,エスパー,イッシュちほう,マ行
649,ゲノセクト,むし,はがね,イッシュちほう,カ行
650,ハリマロン,くさ,-,カロスちほう,ハ行
651,ハリボーグ,くさ,-,カロスちほう,ハ行
652,ブリガロン,くさ,かくとう,カロスちほう,ハ行
653,フォッコ,ほのお,-,カロスちほう,ハ行
654,テールナー,ほのお,-,カロスちほう,タ行
655,マフォクシー,ほのお,エスパー,カロスちほう,マ行
656,ケロマツ,みず,-,カロスちほう,カ行
657,ゲコガシラ,みず,-,カロスちほう,カ行
658,ゲッコウガ,みず,あく,カロスちほう,カ行
659,ホルビー,ノーマル,-,カロスちほう,ハ行
660,ホルード,ノーマル,じめん,カロスちほう,ハ行
661,ヤヤコマ,ノーマル,ひこう,カロスちほう,ヤ行
662,ヒノヤコマ,ほのお,ひこう,カロスちほう,ハ行
663,ファイアロー,ほのお,ひこう,カロスちほう,ハ行
664,コフキムシ,むし,-,カロスちほう,カ行
665,コフーライ,むし,-,カロスちほう,カ行
666,ビビヨン,むし,ひこう,カロスちほう,ハ行
667,シシコ,ほのお,ノーマル,カロスちほう,サ行
668,カエンジシ,ほのお,ノーマル,カロスちほう,カ行
669,フラベベ,フェアリー,-,カロスちほう,ハ行
670,フラエッテ,フェアリー,-,カロスちほう,ハ行
671,フラージェス,フェアリー,-,カロスちほう,ハ行
672,メェークル,くさ,-,カロスちほう,マ行
673,ゴーゴート,くさ,-,カロスちほう,カ行
674,ヤンチャム,かくとう,-,カロスちほう,ヤ行
675,ゴロンダ,かくとう,あく,カロスちほう,カ行
676,トリミアン,ノーマル,-,カロスちほう,タ行
677,ニャスパー,エスパー,-,カロスちほう,ナ行
678,ニャオニクス,エスパー,-,カロスちほう,ナ行
679,ヒトツキ,はがね,ゴースト,カロスちほう,ハ行
680,ニダンギル,はがね,ゴースト,カロスちほう,ナ行
681,ギルガルド,はがね,ゴースト,カロスちほう,カ行
682,シュシュプ,フェアリー,-,カロスちほう,サ行
683,フレフワン,フェアリー,-,カロスちほう,ハ行
684,ペロッパフ,フェアリー,-,カロスちほう,ハ行
685,ペロリーム,フェアリー,-,カロスちほう,ハ行
686,マーイーカ,あく,エスパー,カロスちほう,マ行
687,カラマネロ,あく,エスパー,カロスちほう,カ行
688,カメテテ,いわ,みず,カロスちほう,カ行
689,ガメノデス,いわ,みず,カロスちほう,カ行
690,クズモー,どく,みず,カロスちほう,カ行
691,ドラミドロ,どく,ドラゴン,カロスちほう,タ行
692,ウデッポウ,みず,-,カロスちほう,ア行
693,ブロスター,みず,-,カロスちほう,ハ行
694,エリキテル,でんき,ノーマル,カロスちほう,ア行
695,エレザード,でんき,ノーマル,カロスちほう,ア行
696,チゴラス,いわ,ドラゴン,カロスちほう,タ行
697,ガチゴラス,いわ,ドラゴン,カロスちほう,カ行
698,アマルス,いわ,こおり,カロスちほう,ア行
699,アマルルガ,いわ,こおり,カロスちほう,ア行
700,ニンフィア,フェアリー,-,カロスちほう,ナ行
701,ルチャブル,かくとう,ひこう,カロスちほう,ラ行
702,デデンネ,でんき,フェアリー,カロスちほう,タ行
703,メレシー,いわ,フェアリー,カロスちほう,マ行
704,ヌメラ,ドラゴン,-,カロスちほう,ナ行
705,ヌメイル,ドラゴン,-,カロスちほう,ナ行
706,ヌメルゴン,ドラゴン,-,カロスちほう,ナ行
707,クレッフィ,はがね,フェアリー,カロスちほう,カ行
708,ボクレー,ゴースト,くさ,カロスちほう,ハ行
709,オーロット,ゴースト,くさ,カロスちほう,ア行
710,バケッチャ,ゴースト,くさ,カロスちほう,ハ行
711,パンプジン,ゴースト,くさ,カロスちほう,ハ行
712,カチコール,こおり,-,カロスちほう,カ行
713,クレベース,こおり,-,カロスちほう,カ行
714,オンバット,ひこう,ドラゴン,カロスちほう,ア行
715,オンバーン,ひこう,ドラゴン,カロスちほう,ア行
716,ゼルネアス,フェアリー,-,カロスちほう,サ行
717,イベルタル,あく,ひこう,カロスちほう,ア行
718,ジガルデ,ドラゴン,じめん,カロスちほう,サ行
719,ディアンシー,いわ,フェアリー,カロスちほう,タ行
720,フーパ,エスパー,ゴースト,カロスちほう,ハ行
721,ボルケニオン,ほのお,みず,カロスちほう,ハ行
722,モクロー,くさ,ひこう,アローラちほう,マ行
723,フクスロー,くさ,ひこう,アローラちほう,ハ行
724,ジュナイパー,くさ,ゴースト,アローラちほう,サ行
725,ニャビー,ほのお,-,アローラちほう,ナ行
726,ニャヒート,ほのお,-,アローラちほう,ナ行
727,ガオガエン,ほのお,あく,アローラちほう,カ行
728,アシマリ,みず,-,アローラちほう,ア行
729,オシャマリ,みず,-,アローラちほう,ア行
730,アシレーヌ,みず,フェアリー,アローラちほう,ア行
731,ツツケラ,ノーマル,ひこう,アローラちほう,タ行
732,ケララッパ,ノーマル,ひこう,アローラちほう,カ行
733,ドデカバシ,ノーマル,ひこう,アローラちほう,タ行
734,ヤングース,ノーマル,-,アローラちほう,ヤ行
735,デカグース,ノーマル,-,アローラちほう,タ行
736,アゴジムシ,むし,-,アローラちほう,ア行
737,デンヂムシ,むし,でんき,アローラちほう,タ行
738,クワガノン,むし,でんき,アローラちほう,カ行
739,マケンカニ,かくとう,-,アローラちほう,マ行
740,ケケンカニ,かくとう,こおり,アローラちほう,カ行
741,オドリドリ,ほのお,ひこう,アローラちほう,ア行
742,アブリー,むし,フェアリー,アローラちほう,ア行
743,アブリボン,むし,フェアリー,アローラちほう,ア行
744,イワンコ,いわ,-,アローラちほう,ア行
745,ルガルガン,いわ,-,アローラちほう,ラ行
746,ヨワシ,みず,-,アローラちほう,ヤ行
747,ヒドイデ,どく,みず,アローラちほう,ハ行
748,ドヒドイデ,どく,みず,アローラちほう,タ行
749,ドロバンコ,じめん,-,アローラちほう,タ行
750,バンバドロ,じめん,-,アローラちほう,ハ行
751,シズクモ,みず,むし,アローラちほう,サ行
752,オニシズクモ,みず,むし,アローラちほう,ア行
753,カリキリ,くさ,-,アローラちほう,カ行
754,ラランテス,くさ,-,アローラちほう,ラ行
755,ネマシュ,くさ,フェアリー,アローラちほう,ナ行
756,マシェード,くさ,フェアリー,アローラちほう,マ行
757,ヤトウモリ,どく,ほのお,アローラちほう,ヤ行
758,エンニュート,どく,ほのお,アローラちほう,ア行
759,ヌイコグマ,ノーマル,かくとう,アローラちほう,ナ行
760,キテルグマ,ノーマル,かくとう,アローラちほう,カ行
761,アマカジ,くさ,-,アローラちほう,ア行
762,アママイコ,くさ,-,アローラちほう,ア行
763,アマージョ,くさ,-,アローラちほう,ア行
764,キュワワー,フェアリー,-,アローラちほう,カ行
765,ヤレユータン,ノーマル,エスパー,アローラちほう,ヤ行
766,ナゲツケサル,かくとう,-,アローラちほう,ナ行
767,コソクムシ,むし,みず,アローラちほう,カ行
768,グソクムシャ,むし,みず,アローラちほう,カ行
769,スナバァ,ゴースト,じめん,アローラちほう,サ行
770,シロデスナ,ゴースト,じめん,アローラちほう,サ行
771,ナマコブシ,みず,-,アローラちほう,ナ行
772,タイプ：ヌル,ノーマル,-,アローラちほう,タ行
773,シルヴァディ,ノーマル,-,アローラちほう,サ行
774,メテノ,いわ,ひこう,アローラちほう,マ行
775,ネッコアラ,ノーマル,-,アローラちほう,ナ行
776,バクガメス,ほのお,ドラゴン,アローラちほう,ハ行
777,トゲデマル,でんき,はがね,アローラちほう,タ行
778,ミミッキュ,ゴースト,フェアリー,アローラちほう,マ行
779,ハギギシリ,みず,エスパー,アローラちほう,ハ行
780,ジジーロン,ノーマル,ドラゴン,アローラちほう,サ行
781,ダダリン,ゴースト,くさ,アローラちほう,タ行
782,ジャラコ,ドラゴン,-,アローラちほう,サ行
783,ジャランゴ,ドラゴン,かくとう,アローラちほう,サ行
784,ジャラランガ,ドラゴン,かくとう,アローラちほう,サ行
785,カプ・コケコ,でんき,フェアリー,アローラちほう,カ行
786,カプ・テテフ,エスパー,フェアリー,アローラちほう,カ行
787,カプ・ブルル,くさ,フェアリー,アローラちほう,カ行
788,カプ・レヒレ,みず,フェアリー,アローラちほう,カ行
789,コスモッグ,エスパー,-,アローラちほう,カ行
790,コスモウム,エスパー,-,アローラちほう,カ行
791,ソルガレオ,エスパー,はがね,アローラちほう,サ行
792,ルナアーラ,エスパー,ゴースト,アローラちほう,ラ行
793,ウツロイド,いわ,どく,アローラちほう,ア行
794,マッシブーン,むし,かくとう,アローラちほう,マ行
795,フェローチェ,むし,かくとう,アローラちほう,ハ行
796,デンジュモク,でんき,-,アローラちほう,タ行
797,テッカグヤ,はがね,ひこう,アローラちほう,タ行
798,カミツルギ,くさ,はがね,アローラちほう,カ行
799,アクジキング,あく,ドラゴン,アローラちほう,ア行
800,ネクロズマ,エスパー,-,アローラちほう,ナ行
801,マギアナ,はがね,フェアリー,アローラちほう,マ行
802,マーシャドー,かくとう,ゴースト,アローラちほう,マ行
803,ベベノム,どく,-,アローラちほう,ハ行
804,アーゴヨン,どく,ドラゴン,アローラちほう,ア行
805,ツンデツンデ,いわ,はがね,アローラちほう,タ行
806,ズガドーン,ほのお,ゴースト,アローラちほう,サ行
807,ゼラオラ,でんき,-,アローラちほう,サ行
808,メルタン,はがね,-,カントーちほう,マ行
809,メルメタル,はがね,-,カントーちほう,マ行
810,サルノリ,くさ,-,ガラルちほう,サ行
811,バチンキー,くさ,-,ガラルちほう,ハ行
812,ゴリランダー,くさ,-,ガラルちほう,カ行
813,ヒバニー,ほのお,-,ガラルちほう,ハ行
814,ラビフット,ほのお,-,ガラルちほう,ラ行
815,エースバーン,ほのお,-,ガラルちほう,ア行
816,メッソン,みず,-,ガラルちほう,マ行
817,ジメレオン,みず,-,ガラルちほう,サ行
818,インテレオン,みず,-,ガラルちほう,ア行
819,ホシガリス,ノーマル,-,ガラルちほう,ハ行
820,ヨクバリス,ノーマル,-,ガラルちほう,ヤ行
821,ココガラ,ひこう,-,ガラルちほう,カ行
822,アオガラス,ひこう,-,ガラルちほう,ア行
823,アーマーガア,ひこう,はがね,ガラルちほう,ア行
824,サッチムシ,むし,-,ガラルちほう,サ行
825,レドームシ,むし,エスパー,ガラルちほう,ラ行
826,イオルブ,むし,エスパー,ガラルちほう,ア行
827,クスネ,あく,-,ガラルちほう,カ行
828,フォクスライ,あく,-,ガラルちほう,ハ行
829,ヒメンカ,くさ,-,ガラルちほう,ハ行
830,ワタシラガ,くさ,-,ガラルちほう,ワ行
831,ウールー,ノーマル,-,ガラルちほう,ア行
832,バイウールー,ノーマル,-,ガラルちほう,ハ行
833,カムカメ,みず,-,ガラルちほう,カ行
834,カジリガメ,みず,いわ,ガラルちほう,カ行
835,ワンパチ,でんき,-,ガラルちほう,ワ行
836,パルスワン,でんき,-,ガラルちほう,ハ行
837,タンドン,いわ,-,ガラルちほう,タ行
838,トロッゴン,いわ,ほのお,ガラルちほう,タ行
839,セキタンザン,いわ,ほのお,ガラルちほう,サ行
840,カジッチュ,くさ,ドラゴン,ガラルちほう,カ行
841,アップリュー,くさ,ドラゴン,ガラルちほう,ア行
842,タルップル,くさ,ドラゴン,ガラルちほう,タ行
843,スナヘビ,じめん,-,ガラルちほう,サ行
844,サダイジャ,じめん,-,ガラルちほう,サ行
845,ウッウ,ひこう,みず,ガラルちほう,ア行
846,サシカマス,みず,-,ガラルちほう,サ行
847,カマスジョー,みず,-,ガラルちほう,カ行
848,エレズン,でんき,どく,ガラルちほう,ア行
849,ストリンダー,でんき,どく,ガラルちほう,サ行
850,ヤクデ,ほのお,むし,ガラルちほう,ヤ行
851,マルヤクデ,ほのお,むし,ガラルちほう,マ行
852,タタッコ,かくとう,-,ガラルちほう,タ行
853,オトスパス,かくとう,-,ガラルちほう,ア行
854,ヤバチャ,ゴースト,-,ガラルちほう,ヤ行
855,ポットデス,ゴースト,-,ガラルちほう,ハ行
856,ミブリム,エスパー,-,ガラルちほう,マ行
857,テブリム,エスパー,-,ガラルちほう,タ行
858,ブリムオン,エスパー,フェアリー,ガラルちほう,ハ行
859,ベロバー,あく,フェアリー,ガラルちほう,ハ行
860,ギモー,あく,フェアリー,ガラルちほう,カ行
861,オーロンゲ,あく,フェアリー,ガラルちほう,ア行
862,タチフサグマ,あく,ノーマル,ガラルちほう,タ行
863,ニャイキング,はがね,-,ガラルちほう,ナ行
864,サニゴーン,ゴースト,-,ガラルちほう,サ行
865,ネギガナイト,かくとう,-,ガラルちほう,ナ行
866,デスバーン,こおり,エスパー,ガラルちほう,タ行
867,バリコオル,じめん,ゴースト,ガラルちほう,ハ行
868,マホミル,フェアリー,-,ガラルちほう,マ行
869,マホイップ,フェアリー,-,ガラルちほう,マ行
870,タイレーツ,かくとう,-,ガラルちほう,タ行
871,バチンウニ,でんき,-,ガラルちほう,ハ行
872,ユキハミ,こおり,むし,ガラルちほう,ヤ行
873,モスノウ,こおり,むし,ガラルちほう,マ行
874,イシヘンジン,いわ,-,ガラルちほう,ア行
875,コオリッポ,こおり,-,ガラルちほう,カ行
876,イエッサン,エスパー,ノーマル,ガラルちほう,ア行
877,モルペコ,でんき,あく,ガラルちほう,マ行
878,ゾウドウ,はがね,-,ガラルちほう,サ行
879,ダイオウドウ,はがね,-,ガラルちほう,タ行
880,パッチラゴン,でんき,ドラゴン,ガラルちほう,ハ行
881,パッチルドン,でんき,こおり,ガラルちほう,ハ行
882,ウオノラゴン,みず,ドラゴン,ガラルちほう,ア行
883,ウオチルドン,みず,こおり,ガラルちほう,ア行
884,ジュラルドン,はがね,ドラゴン,ガラルちほう,サ行
885,ドラメシヤ,ドラゴン,ゴースト,ガラルちほう,タ行
886,ドロンチ,ドラゴン,ゴースト,ガラルちほう,タ行
887,ドラパルト,ドラゴン,ゴースト,ガラルちほう,タ行
888,ザシアン,フェアリー,-,ガラルちほう,サ行
889,ザマゼンタ,かくとう,-,ガラルちほう,サ行
890,ムゲンダイナ,どく,ドラゴン,ガラルちほう,マ行
891,ダクマ,かくとう,-,ガラルちほう,タ行
892,ウーラオス,かくとう,あく,ガラルちほう,ア行
893,ザルード,あく,くさ,ガラルちほう,サ行
894,レジエレキ,でんき,-,ガラルちほう,ラ行
895,レジドラゴ,ドラゴン,-,ガラルちほう,ラ行
896,ブリザポス,こおり,-,ガラルちほう,ハ行
897,レイスポス,ゴースト,-,ガラルちほう,ラ行
898,バドレックス,エスパー,くさ,ガラルちほう,ハ行
899,アヤシシ,ノーマル,エスパー,ヒスイちほう,ア行
900,バサギリ,むし,いわ,ヒスイちほう,ハ行
901,ガチグマ,じめん,ノーマル,ヒスイちほう,カ行
902,イダイトウ,みず,ゴースト,ヒスイちほう,ア行
903,オオニューラ,かくとう,どく,ヒスイちほう,ア行
904,ハリーマン,あく,どく,ヒスイちほう,ハ行
905,ラブトロス,フェアリー,ひこう,ヒスイちほう,ラ行
906,ニャオハ,くさ,-,パルデアちほう,ナ行
907,ニャローテ,くさ,-,パルデアちほう,ナ行
908,マスカーニャ,くさ,あく,パルデアちほう,マ行
909,ホゲータ,ほのお,-,パルデアちほう,ハ行
910,アチゲータ,ほのお,-,パルデアちほう,ア行
911,ラウドボーン,ほのお,ゴースト,パルデアちほう,ラ行
912,クワッス,みず,-,パルデアちほう,カ行
913,ウェルカモ,みず,-,パルデアちほう,ア行
914,ウェーニバル,みず,かくとう,パルデアちほう,ア行
915,グルトン,ノーマル,-,パルデアちほう,カ行
916,パフュートン,ノーマル,-,パルデアちほう,ハ行
917,タマンチュラ,むし,-,パルデアちほう,タ行
918,ワナイダー,むし,-,パルデアちほう,ワ行
919,マメバッタ,むし,-,パルデアちほう,マ行
920,エクスレッグ,むし,あく,パルデアちほう,ア行
921,パモ,でんき,-,パルデアちほう,ハ行
922,パモット,でんき,かくとう,パルデアちほう,ハ行
923,パーモット,でんき,かくとう,パルデアちほう,ハ行
924,ワッカネズミ,ノーマル,-,パルデアちほう,ワ行
925,イッカネズミ,ノーマル,-,パルデアちほう,ア行
926,パピモッチ,フェアリー,-,パルデアちほう,ハ行
927,バウッツェル,フェアリー,-,パルデアちほう,ハ行
928,ミニーブ,くさ,ノーマル,パルデアちほう,マ行
929,オリーニョ,くさ,ノーマル,パルデアちほう,ア行
930,オリーヴァ,くさ,ノーマル,パルデアちほう,ア行
931,イキリンコ,ノーマル,ひこう,パルデアちほう,ア行
932,コジオ,いわ,-,パルデアちほう,カ行
933,ジオヅム,いわ,-,パルデアちほう,サ行
934,キョジオーン,いわ,-,パルデアちほう,カ行
935,カルボウ,ほのお,-,パルデアちほう,カ行
936,グレンアルマ,ほのお,エスパー,パルデアちほう,カ行
937,ソウブレイズ,ほのお,ゴースト,パルデアちほう,サ行
938,ズピカ,でんき,-,パルデアちほう,サ行
939,ハラバリー,でんき,-,パルデアちほう,ハ行
940,カイデン,でんき,ひこう,パルデアちほう,カ行
941,タイカイデン,でんき,ひこう,パルデアちほう,タ行
942,オラチフ,あく,-,パルデアちほう,ア行
943,マフィティフ,あく,-,パルデアちほう,マ行
944,シルシュルー,どく,ノーマル,パルデアちほう,サ行
945,タギングル,どく,ノーマル,パルデアちほう,タ行
946,アノクサ,くさ,ゴースト,パルデアちほう,ア行
947,アノホラグサ,くさ,ゴースト,パルデアちほう,ア行
948,ノノクラゲ,じめん,くさ,パルデアちほう,ナ行
949,リククラゲ,じめん,くさ,パルデアちほう,ラ行
950,ガケガニ,いわ,-,パルデアちほう,カ行
951,カプサイジ,くさ,-,パルデアちほう,カ行
952,スコヴィラン,くさ,ほのお,パルデアちほう,サ行
953,シガロコ,むし,-,パルデアちほう,サ行
954,ベラカス,むし,エスパー,パルデアちほう,ハ行
955,ヒラヒナ,エスパー,-,パルデアちほう,ハ行
956,クエスパトラ,エスパー,-,パルデアちほう,カ行
957,カヌチャン,フェアリー,はがね,パルデアちほう,カ行
958,ナカヌチャン,フェアリー,はがね,パルデアちほう,ナ行
959,デカヌチャン,フェアリー,はがね,パルデアちほう,タ行
960,ウミディグダ,みず,-,パルデアちほう,ア行
961,ウミトリオ,みず,-,パルデアちほう,ア行
962,オトシドリ,ひこう,あく,パルデアちほう,ア行
963,ナミイルカ,みず,-,パルデアちほう,ナ行
964,イルカマン,みず,-,パルデアちほう,ア行
965,ブロロン,はがね,どく,パルデアちほう,ハ行
966,ブロロローム,はがね,どく,パルデアちほう,ハ行
967,モトトカゲ,ドラゴン,ノーマル,パルデアちほう,マ行
968,ミミズズ,はがね,-,パルデアちほう,マ行
969,キラーメ,いわ,どく,パルデアちほう,カ行
970,キラフロル,いわ,どく,パルデアちほう,カ行
971,ボチ,ゴースト,-,パルデアちほう,ハ行
972,ハカドッグ,ゴースト,-,パルデアちほう,ハ行
973,カラミンゴ,ひこう,かくとう,パルデアちほう,カ行
974,アルクジラ,こおり,-,パルデアちほう,ア行
975,ハルクジラ,こおり,-,パルデアちほう,ハ行
976,ミガルーサ,みず,エスパー,パルデアちほう,マ行
977,ヘイラッシャ,みず,-,パルデアちほう,ハ行
978,シャリタツ,ドラゴン,みず,パルデアちほう,サ行
979,コノヨザル,かくとう,ゴースト,パルデアちほう,カ行
980,ドオー,どく,じめん,パルデアちほう,タ行
981,リキキリン,ノーマル,エスパー,パルデアちほう,ラ行
982,ノココッチ,ノーマル,-,パルデアちほう,ナ行
983,ドドゲザン,あく,はがね,パルデアちほう,タ行
984,イダイナキバ,じめん,かくとう,パルデアちほう,ア行
985,サケブシッポ,フェアリー,エスパー,パルデアちほう,サ行
986,アラブルタケ,くさ,あく,パルデアちほう,ア行
987,ハバタクカミ,ゴースト,フェアリー,パルデアちほう,ハ行
988,チヲハウハネ,むし,かくとう,パルデアちほう,タ行
989,スナノケガワ,でんき,じめん,パルデアちほう,サ行
990,テツノワダチ,じめん,はがね,パルデアちほう,タ行
991,テツノツツミ,こおり,みず,パルデアちほう,タ行
992,テツノカイナ,かくとう,でんき,パルデアちほう,タ行
993,テツノコウベ,あく,ひこう,パルデアちほう,タ行
994,テツノドクガ,ほのお,どく,パルデアちほう,タ行
995,テツノイバラ,いわ,でんき,パルデアちほう,タ行
996,セビエ,ドラゴン,こおり,パルデアちほう,サ行
997,セゴール,ドラゴン,こおり,パルデアちほう,サ行
998,セグレイブ,ドラゴン,こおり,パルデアちほう,サ行
999,コレクレー,ゴースト,-,パルデアちほう,カ行
1000,サーフゴー,はがね,ゴースト,パルデアちほう,サ行
1001,チオンジェン,あく,くさ,パルデアちほう,タ行
1002,パオジアン,あく,こおり,パルデアちほう,ハ行
1003,ディンルー,あく,じめん,パルデアちほう,タ行
1004,イーユイ,あく,ほのお,パルデアちほう,ア行
1005,トドロクツキ,ドラゴン,あく,パルデアちほう,タ行
1006,テツノブジン,フェアリー,かくとう,パルデアちほう,タ行
1007,コライドン,かくとう,ドラゴン,パルデアちほう,カ行
1008,ミライドン,でんき,ドラゴン,パルデアちほう,マ行
1009,ウネルミナモ,みず,ドラゴン,パルデアちほう,ア行
1010,テツノイサハ,くさ,エスパー,パルデアちほう,タ行
1011,カミッチュ,くさ,ドラゴン,パルデアちほう,カ行
1012,チャデス,くさ,ゴースト,パルデアちほう,タ行
1013,ヤバソチャ,くさ,ゴースト,パルデアちほう,ヤ行
1014,イイネイヌ,どく,かくとう,パルデアちほう,ア行
1015,マシマシラ,どく,エスパー,パルデアちほう,マ行
1016,キチキギス,どく,フェアリー,パルデアちほう,カ行
1017,オーガポン,くさ,-,パルデアちほう,ア行
1018,ブリジュラス,はがね,ドラゴン,パルデアちほう,ハ行
1019,カミツオロチ,くさ,ドラゴン,パルデアちほう,カ行
1020,ウガツホムラ,ほのお,ドラゴン,パルデアちほう,ア行
1021,タケルライコ,でんき,ドラゴン,パルデアちほう,タ行
1022,テツノイワオ,いわ,エスパー,パルデアちほう,タ行
1023,テツノカシラ,はがね,エスパー,パルデアちほう,タ行
1024,テラパゴス,ノーマル,-,パルデアちほう,タ行
1025,モモワロウ,どく,ゴースト,パルデアちほう,マ行
