id,katakana_name,タイプ1,タイプ2,登場地方,50音
1,フシギダネ,くさ,どく,カントー地方,ハ行
2,フシギソウ,くさ,どく,カントー地方,ハ行
3,フシギバナ,くさ,どく,カントー地方,ハ行
4,ヒトカゲ,ほのお,-,カントー地方,ハ行
5,リザード,ほのお,-,カントー地方,ラ行
6,リザードン,ほのお,ひこう,カントー地方,ラ行
7,ゼニガメ,みず,-,カントー地方,サ行
8,カメール,みず,-,カントー地方,カ行
9,カメックス,みず,-,カントー地方,カ行
10,キャタピー,むし,-,カントー地方,カ行
11,トランセル,むし,-,カントー地方,タ行
12,バタフリー,むし,ひこう,カントー地方,ハ行
13,ビードル,むし,どく,カントー地方,ハ行
14,コクーン,むし,どく,カントー地方,カ行
15,スピアー,むし,どく,カントー地方,サ行
16,ポッポ,ノーマル,ひこう,カントー地方,ハ行
17,ピジョン,ノーマル,ひこう,カントー地方,ハ行
18,ピジョット,ノーマル,ひこう,カントー地方,ハ行
19,コラッタ,ノーマル,-,カントー地方,カ行
20,ラッタ,ノーマル,-,カントー地方,ラ行
21,オニスズメ,ノーマル,ひこう,カントー地方,ア行
22,オニドリル,ノーマル,ひこう,カントー地方,ア行
23,アーボ,どく,-,カントー地方,ア行
24,アーボック,どく,-,カントー地方,ア行
25,ピカチュウ,でんき,-,カントー地方,ハ行
26,ライチュウ,でんき,-,カントー地方,ラ行
27,サンド,じめん,-,カントー地方,サ行
28,サンドパン,じめん,-,カントー地方,サ行
30,ニドリーナ,どく,-,カントー地方,ナ行
31,ニドクイン,どく,じめん,カントー地方,ナ行
33,ニドリーノ,どく,-,カントー地方,ナ行
34,ニドキング,どく,じめん,カントー地方,ナ行
35,ピッピ,フェアリー,-,カントー地方,ハ行
36,ピクシー,フェアリー,-,カントー地方,ハ行
37,ロコン,ほのお,-,カントー地方,ラ行
38,キュウコン,ほのお,-,カントー地方,カ行
39,プリン,ノーマル,フェアリー,カントー地方,ハ行
40,プクリン,ノーマル,フェアリー,カントー地方,ハ行
41,ズバット,どく,ひこう,カントー地方,サ行
42,ゴルバット,どく,ひこう,カントー地方,カ行
43,ナゾノクサ,くさ,どく,カントー地方,ナ行
44,クサイハナ,くさ,どく,カントー地方,カ行
45,ラフレシア,くさ,どく,カントー地方,ラ行
46,パラス,むし,くさ,カントー地方,ハ行
47,パラセクト,むし,くさ,カントー地方,ハ行
48,コンパン,むし,どく,カントー地方,カ行
49,モルフォン,むし,どく,カントー地方,マ行
50,ディグダ,じめん,-,カントー地方,タ行
51,ダグトリオ,じめん,-,カントー地方,タ行
52,ニャース,ノーマル,-,カントー地方,ナ行
53,ペルシアン,ノーマル,-,カントー地方,ハ行
54,コダック,みず,-,カントー地方,カ行
55,ゴルダック,みず,-,カントー地方,カ行
56,マンキー,かくとう,-,カントー地方,マ行
57,オコリザル,かくとう,-,カントー地方,ア行
58,ガーディ,ほのお,-,カントー地方,カ行
59,ウインディ,ほのお,-,カントー地方,ア行
60,ニョロモ,みず,-,カントー地方,ナ行
61,ニョロゾ,みず,-,カントー地方,ナ行
62,ニョロボン,みず,かくとう,カントー地方,ナ行
63,ケーシィ,エスパー,-,カントー地方,カ行
64,ユンゲラー,エスパー,-,カントー地方,ヤ行
65,フーディン,エスパー,-,カントー地方,ハ行
66,ワンリキー,かくとう,-,カントー地方,ワ行
67,ゴーリキー,かくとう,-,カントー地方,カ行
68,カイリキー,かくとう,-,カントー地方,カ行
69,マダツボミ,くさ,どく,カントー地方,マ行
70,ウツドン,くさ,どく,カントー地方,ア行
71,ウツボット,くさ,どく,カントー地方,ア行
72,メノクラゲ,みず,どく,カントー地方,マ行
73,ドククラゲ,みず,どく,カントー地方,タ行
74,イシツブテ,いわ,じめん,カントー地方,ア行
75,ゴローン,いわ,じめん,カントー地方,カ行
76,ゴローニャ,いわ,じめん,カントー地方,カ行
77,ポニータ,ほのお,-,カントー地方,ハ行
78,ギャロップ,ほのお,-,カントー地方,カ行
79,ヤドン,みず,エスパー,カントー地方,ヤ行
80,ヤドラン,みず,エスパー,カントー地方,ヤ行
81,コイル,でんき,はがね,カントー地方,カ行
82,レアコイル,でんき,はがね,カントー地方,ラ行
83,カモネギ,ノーマル,ひこう,カントー地方,カ行
84,ドードー,ノーマル,ひこう,カントー地方,タ行
85,ドードリオ,ノーマル,ひこう,カントー地方,タ行
86,パウワウ,みず,-,カントー地方,ハ行
87,ジュゴン,みず,こおり,カントー地方,サ行
88,ベトベター,どく,-,カントー地方,ハ行
89,ベトベトン,どく,-,カントー地方,ハ行
90,シェルダー,みず,-,カントー地方,サ行
91,パルシェン,みず,こおり,カントー地方,ハ行
92,ゴース,ゴースト,どく,カントー地方,カ行
93,ゴースト,ゴースト,どく,カントー地方,カ行
94,ゲンガー,ゴースト,どく,カントー地方,カ行
95,イワーク,いわ,じめん,カントー地方,ア行
96,スリープ,エスパー,-,カントー地方,サ行
97,スリーパー,エスパー,-,カントー地方,サ行
98,クラブ,みず,-,カントー地方,カ行
99,キングラー,みず,-,カントー地方,カ行
100,ビリリダマ,でんき,-,カントー地方,ハ行
101,マルマイン,でんき,-,カントー地方,マ行
102,タマタマ,くさ,エスパー,カントー地方,タ行
103,ナッシー,くさ,エスパー,カントー地方,ナ行
104,カラカラ,じめん,-,カントー地方,カ行
105,ガラガラ,じめん,-,カントー地方,カ行
106,サワムラー,かくとう,-,カントー地方,サ行
107,エビワラー,かくとう,-,カントー地方,ア行
108,ベロリンガ,ノーマル,-,カントー地方,ハ行
109,ドガース,どく,-,カントー地方,タ行
110,マタドガス,どく,-,カントー地方,マ行
111,サイホーン,じめん,いわ,カントー地方,サ行
112,サイドン,じめん,いわ,カントー地方,サ行
113,ラッキー,ノーマル,-,カントー地方,ラ行
114,モンジャラ,くさ,-,カントー地方,マ行
115,ガルーラ,ノーマル,-,カントー地方,カ行
116,タッツー,みず,-,カントー地方,タ行
117,シードラ,みず,-,カントー地方,サ行
118,トサキント,みず,-,カントー地方,タ行
119,アズマオウ,みず,-,カントー地方,ア行
120,ヒトデマン,みず,-,カントー地方,ハ行
121,スターミー,みず,エスパー,カントー地方,サ行
122,バリヤード,エスパー,フェアリー,カントー地方,ハ行
123,ストライク,むし,ひこう,カントー地方,サ行
124,ルージュラ,こおり,エスパー,カントー地方,ラ行
125,エレブー,でんき,-,カントー地方,ア行
126,ブーバー,ほのお,-,カントー地方,ハ行
127,カイロス,むし,-,カントー地方,カ行
128,ケンタロス,ノーマル,-,カントー地方,カ行
129,コイキング,みず,-,カントー地方,カ行
130,ギャラドス,みず,ひこう,カントー地方,カ行
131,ラプラス,みず,こおり,カントー地方,ラ行
132,メタモン,ノーマル,-,カントー地方,マ行
133,イーブイ,ノーマル,-,カントー地方,ア行
134,シャワーズ,みず,-,カントー地方,サ行
135,サンダース,でんき,-,カントー地方,サ行
136,ブースター,ほのお,-,カントー地方,ハ行
137,ポリゴン,ノーマル,-,カントー地方,ハ行
138,オムナイト,いわ,みず,カントー地方,ア行
139,オムスター,いわ,みず,カントー地方,ア行
140,カブト,いわ,みず,カントー地方,カ行
141,カブトプス,いわ,みず,カントー地方,カ行
142,プテラ,いわ,ひこう,カントー地方,ハ行
143,カビゴン,ノーマル,-,カントー地方,カ行
144,フリーザー,こおり,ひこう,カントー地方,ハ行
145,サンダー,でんき,ひこう,カントー地方,サ行
146,ファイヤー,ほのお,ひこう,カントー地方,ハ行
147,ミニリュウ,ドラゴン,-,カントー地方,マ行
148,ハクリュー,ドラゴン,-,カントー地方,ハ行
149,カイリュー,ドラゴン,ひこう,カントー地方,カ行
150,ミュウツー,エスパー,-,カントー地方,マ行
151,ミュウ,エスパー,-,カントー地方,マ行
152,チコリータ,くさ,-,ジョウト地方,タ行
153,ベイリーフ,くさ,-,ジョウト地方,ハ行
154,メガニウム,くさ,-,ジョウト地方,マ行
155,ヒノアラシ,ほのお,-,ジョウト地方,ハ行
156,マグマラシ,ほのお,-,ジョウト地方,マ行
157,バクフーン,ほのお,-,ジョウト地方,ハ行
158,ワニノコ,みず,-,ジョウト地方,ワ行
159,アリゲイツ,みず,-,ジョウト地方,ア行
160,オーダイル,みず,-,ジョウト地方,ア行
161,オタチ,ノーマル,-,ジョウト地方,ア行
162,オオタチ,ノーマル,-,ジョウト地方,ア行
163,ホーホー,ノーマル,ひこう,ジョウト地方,ハ行
164,ヨルノズク,ノーマル,ひこう,ジョウト地方,ヤ行
165,レディバ,むし,ひこう,ジョウト地方,ラ行
166,レディアン,むし,ひこう,ジョウト地方,ラ行
167,イトマル,むし,どく,ジョウト地方,ア行
168,アリアドス,むし,どく,ジョウト地方,ア行
169,クロバット,どく,ひこう,ジョウト地方,カ行
170,チョンチー,みず,でんき,ジョウト地方,タ行
171,ランターン,みず,でんき,ジョウト地方,ラ行
172,ピチュー,でんき,-,ジョウト地方,ハ行
173,ピィ,フェアリー,-,ジョウト地方,ハ行
174,ププリン,ノーマル,フェアリー,ジョウト地方,ハ行
175,トゲピー,フェアリー,-,ジョウト地方,タ行
176,トゲチック,フェアリー,ひこう,ジョウト地方,タ行
177,ネイティ,エスパー,ひこう,ジョウト地方,ナ行
178,ネイティオ,エスパー,ひこう,ジョウト地方,ナ行
179,メリープ,でんき,-,ジョウト地方,マ行
180,モココ,でんき,-,ジョウト地方,マ行
181,デンリュウ,でんき,-,ジョウト地方,タ行
182,キレイハナ,くさ,-,ジョウト地方,カ行
183,マリル,みず,フェアリー,ジョウト地方,マ行
184,マリルリ,みず,フェアリー,ジョウト地方,マ行
185,ウソッキー,いわ,-,ジョウト地方,ア行
186,ニョロトノ,みず,-,ジョウト地方,ナ行
187,ハネッコ,くさ,ひこう,ジョウト地方,ハ行
188,ポポッコ,くさ,ひこう,ジョウト地方,ハ行
189,ワタッコ,くさ,ひこう,ジョウト地方,ワ行
190,エイパム,ノーマル,-,ジョウト地方,ア行
191,ヒマナッツ,くさ,-,ジョウト地方,ハ行
192,キマワリ,くさ,-,ジョウト地方,カ行
193,ヤンヤンマ,むし,ひこう,ジョウト地方,ヤ行
194,ウパー,みず,じめん,ジョウト地方,ア行
195,ヌオー,みず,じめん,ジョウト地方,ナ行
196,エーフィ,エスパー,-,ジョウト地方,ア行
197,ブラッキー,あく,-,ジョウト地方,ハ行
198,ヤミカラス,あく,ひこう,ジョウト地方,ヤ行
199,ヤドキング,みず,エスパー,ジョウト地方,ヤ行
200,ムウマ,ゴースト,-,ジョウト地方,マ行
201,アンノーン,エスパー,-,ジョウト地方,ア行
202,ソーナンス,エスパー,-,ジョウト地方,サ行
203,キリンリキ,ノーマル,エスパー,ジョウト地方,カ行
204,クヌギダマ,むし,-,ジョウト地方,カ行
205,フォレトス,むし,はがね,ジョウト地方,ハ行
206,ノコッチ,ノーマル,-,ジョウト地方,ナ行
207,グライガー,じめん,ひこう,ジョウト地方,カ行
208,ハガネール,はがね,じめん,ジョウト地方,ハ行
209,ブルー,フェアリー,-,ジョウト地方,ハ行
210,グランブル,フェアリー,-,ジョウト地方,カ行
211,ハリーセン,みず,どく,ジョウト地方,ハ行
212,ハッサム,むし,はがね,ジョウト地方,ハ行
213,ツボツボ,むし,いわ,ジョウト地方,タ行
214,ヘラクロス,むし,かくとう,ジョウト地方,ハ行
215,ニューラ,あく,こおり,ジョウト地方,ナ行
216,ヒメグマ,ノーマル,-,ジョウト地方,ハ行
217,リングマ,ノーマル,-,ジョウト地方,ラ行
218,マグマッグ,ほのお,-,ジョウト地方,マ行
219,マグカルゴ,ほのお,いわ,ジョウト地方,マ行
220,ウリムー,こおり,じめん,ジョウト地方,ア行
221,イノムー,こおり,じめん,ジョウト地方,ア行
222,サニーゴ,みず,いわ,ジョウト地方,サ行
223,テッポウオ,みず,-,ジョウト地方,タ行
224,オクタン,みず,-,ジョウト地方,ア行
225,デリバード,こおり,ひこう,ジョウト地方,タ行
226,マンタイン,みず,ひこう,ジョウト地方,マ行
227,エアームド,はがね,ひこう,ジョウト地方,ア行
228,デルビル,あく,ほのお,ジョウト地方,タ行
229,ヘルガー,あく,ほのお,ジョウト地方,ハ行
230,キングドラ,みず,ドラゴン,ジョウト地方,カ行
231,ゴマゾウ,じめん,-,ジョウト地方,カ行
232,ドンファン,じめん,-,ジョウト地方,タ行
234,オドシシ,ノーマル,-,ジョウト地方,ア行
235,ドーブル,ノーマル,-,ジョウト地方,タ行
236,バルキー,かくとう,-,ジョウト地方,ハ行
237,カポエラー,かくとう,-,ジョウト地方,カ行
238,ムチュール,こおり,エスパー,ジョウト地方,マ行
239,エレキッド,でんき,-,ジョウト地方,ア行
240,ブビィ,ほのお,-,ジョウト地方,ハ行
241,ミルタンク,ノーマル,-,ジョウト地方,マ行
242,ハピナス,ノーマル,-,ジョウト地方,ハ行
243,ライコウ,でんき,-,ジョウト地方,ラ行
244,エンテイ,ほのお,-,ジョウト地方,ア行
245,スイクン,みず,-,ジョウト地方,サ行
246,ヨーギラス,いわ,じめん,ジョウト地方,ヤ行
247,サナギラス,いわ,じめん,ジョウト地方,サ行
248,バンギラス,いわ,あく,ジョウト地方,ハ行
249,ルギア,エスパー,ひこう,ジョウト地方,ラ行
250,ホウオウ,ほのお,ひこう,ジョウト地方,ハ行
251,セレビィ,エスパー,くさ,ジョウト地方,サ行
252,キモリ,くさ,-,ホウエン地方,カ行
253,ジュプトル,くさ,-,ホウエン地方,サ行
254,ジュカイン,くさ,-,ホウエン地方,サ行
255,アチャモ,ほのお,-,ホウエン地方,ア行
256,ワカシャモ,ほのお,かくとう,ホウエン地方,ワ行
257,バシャーモ,ほのお,かくとう,ホウエン地方,ハ行
258,ミズゴロウ,みず,-,ホウエン地方,マ行
259,ヌマクロー,みず,じめん,ホウエン地方,ナ行
260,ラグラージ,みず,じめん,ホウエン地方,ラ行
261,ポチエナ,あく,-,ホウエン地方,ハ行
262,グラエナ,あく,-,ホウエン地方,カ行
263,ジグザグマ,ノーマル,-,ホウエン地方,サ行
264,マッスグマ,ノーマル,-,ホウエン地方,マ行
265,ケムッソ,むし,-,ホウエン地方,カ行
266,カラサリス,むし,-,ホウエン地方,カ行
267,アゲハント,むし,ひこう,ホウエン地方,ア行
268,マユルド,むし,-,ホウエン地方,マ行
269,ドクケイル,むし,どく,ホウエン地方,タ行
270,ハスボー,みず,くさ,ホウエン地方,ハ行
271,ハスブレロ,みず,くさ,ホウエン地方,ハ行
272,ルンパッパ,みず,くさ,ホウエン地方,ラ行
273,タネボー,くさ,-,ホウエン地方,タ行
274,コノハナ,くさ,あく,ホウエン地方,カ行
275,ダーテング,くさ,あく,ホウエン地方,タ行
276,スバメ,ノーマル,ひこう,ホウエン地方,サ行
277,オオスバメ,ノーマル,ひこう,ホウエン地方,ア行
278,キャモメ,みず,ひこう,ホウエン地方,カ行
279,ペリッパー,みず,ひこう,ホウエン地方,ハ行
280,ラルトス,エスパー,フェアリー,ホウエン地方,ラ行
281,キルリア,エスパー,フェアリー,ホウエン地方,カ行
282,サーナイト,エスパー,フェアリー,ホウエン地方,サ行
283,アメタマ,むし,みず,ホウエン地方,ア行
284,アメモース,むし,ひこう,ホウエン地方,ア行
285,キノココ,くさ,-,ホウエン地方,カ行
286,キノガッサ,くさ,かくとう,ホウエン地方,カ行
287,ナマケロ,ノーマル,-,ホウエン地方,ナ行
288,ヤルキモノ,ノーマル,-,ホウエン地方,ヤ行
289,ケッキング,ノーマル,-,ホウエン地方,カ行
290,ツチニン,むし,じめん,ホウエン地方,タ行
291,テッカニン,むし,ひこう,ホウエン地方,タ行
292,ヌケニン,むし,ゴースト,ホウエン地方,ナ行
293,ゴニョニョ,ノーマル,-,ホウエン地方,カ行
294,ドゴーム,ノーマル,-,ホウエン地方,タ行
295,バクオング,ノーマル,-,ホウエン地方,ハ行
296,マクノシタ,かくとう,-,ホウエン地方,マ行
297,ハリテヤマ,かくとう,-,ホウエン地方,ハ行
298,ルリリ,ノーマル,フェアリー,ホウエン地方,ラ行
299,ノズパス,いわ,-,ホウエン地方,ナ行
300,エネコ,ノーマル,-,ホウエン地方,ア行
301,エネコロロ,ノーマル,-,ホウエン地方,ア行
302,ヤミラミ,あく,ゴースト,ホウエン地方,ヤ行
303,クチート,はがね,フェアリー,ホウエン地方,カ行
304,ココドラ,はがね,いわ,ホウエン地方,カ行
305,コドラ,はがね,いわ,ホウエン地方,カ行
306,ボスゴドラ,はがね,いわ,ホウエン地方,ハ行
307,アサナン,かくとう,エスパー,ホウエン地方,ア行
308,チャーレム,かくとう,エスパー,ホウエン地方,タ行
309,ラクライ,でんき,-,ホウエン地方,ラ行
310,ライボルト,でんき,-,ホウエン地方,ラ行
311,プラスル,でんき,-,ホウエン地方,ハ行
312,マイナン,でんき,-,ホウエン地方,マ行
313,バルビート,むし,-,ホウエン地方,ハ行
314,イルミーゼ,むし,-,ホウエン地方,ア行
315,ロゼリア,くさ,どく,ホウエン地方,ラ行
316,ゴクリン,どく,-,ホウエン地方,カ行
317,マルノーム,どく,-,ホウエン地方,マ行
318,キバニア,みず,あく,ホウエン地方,カ行
319,サメハダー,みず,あく,ホウエン地方,サ行
320,ホエルコ,みず,-,ホウエン地方,ハ行
321,ホエルオー,みず,-,ホウエン地方,ハ行
322,ドンメル,ほのお,じめん,ホウエン地方,タ行
323,バクーダ,ほのお,じめん,ホウエン地方,ハ行
324,コータス,ほのお,-,ホウエン地方,カ行
325,バネブー,エスパー,-,ホウエン地方,ハ行
326,ブーピッグ,エスパー,-,ホウエン地方,ハ行
327,パッチール,ノーマル,-,ホウエン地方,ハ行
328,ナックラー,じめん,-,ホウエン地方,ナ行
329,ビブラーバ,じめん,ドラゴン,ホウエン地方,ハ行
330,フライゴン,じめん,ドラゴン,ホウエン地方,ハ行
331,サボネア,くさ,-,ホウエン地方,サ行
332,ノクタス,くさ,あく,ホウエン地方,ナ行
333,チルット,ノーマル,ひこう,ホウエン地方,タ行
334,チルタリス,ドラゴン,ひこう,ホウエン地方,タ行
335,ザングース,ノーマル,-,ホウエン地方,サ行
336,ハブネーク,どく,-,ホウエン地方,ハ行
337,ルナトーン,いわ,エスパー,ホウエン地方,ラ行
338,ソルロック,いわ,エスパー,ホウエン地方,サ行
339,ドジョッチ,みず,じめん,ホウエン地方,タ行
340,ナマズン,みず,じめん,ホウエン地方,ナ行
341,ヘイガニ,みず,-,ホウエン地方,ハ行
342,シザリガー,みず,あく,ホウエン地方,サ行
343,ヤジロン,じめん,エスパー,ホウエン地方,ヤ行
344,ネンドール,じめん,エスパー,ホウエン地方,ナ行
345,リリーラ,いわ,くさ,ホウエン地方,ラ行
346,ユレイドル,いわ,くさ,ホウエン地方,ヤ行
347,アノプス,いわ,むし,ホウエン地方,ア行
348,アーマルド,いわ,むし,ホウエン地方,ア行
349,ヒンバス,みず,-,ホウエン地方,ハ行
350,ミロカロス,みず,-,ホウエン地方,マ行
351,ポワルン,ノーマル,-,ホウエン地方,ハ行
352,カクレオン,ノーマル,-,ホウエン地方,カ行
353,カゲボウズ,ゴースト,-,ホウエン地方,カ行
354,ジュペッタ,ゴースト,-,ホウエン地方,サ行
355,ヨマワル,ゴースト,-,ホウエン地方,ヤ行
356,サマヨール,ゴースト,-,ホウエン地方,サ行
357,トロピウス,くさ,ひこう,ホウエン地方,タ行
358,チリーン,エスパー,-,ホウエン地方,タ行
359,アブソル,あく,-,ホウエン地方,ア行
360,ソーナノ,エスパー,-,ホウエン地方,サ行
361,ユキワラシ,こおり,-,ホウエン地方,ヤ行
362,オニゴーリ,こおり,-,ホウエン地方,ア行
363,タマザラシ,こおり,みず,ホウエン地方,タ行
364,トドグラー,こおり,みず,ホウエン地方,タ行
365,トドゼルガ,こおり,みず,ホウエン地方,タ行
366,パールル,みず,-,ホウエン地方,ハ行
367,ハンテール,みず,-,ホウエン地方,ハ行
368,サクラビス,みず,-,ホウエン地方,サ行
369,ジーランス,みず,いわ,ホウエン地方,サ行
370,ラブカス,みず,-,ホウエン地方,ラ行
371,タツベイ,ドラゴン,-,ホウエン地方,タ行
372,コモルー,ドラゴン,-,ホウエン地方,カ行
373,ボーマンダ,ドラゴン,ひこう,ホウエン地方,ハ行
374,ダンバル,はがね,エスパー,ホウエン地方,タ行
375,メタング,はがね,エスパー,ホウエン地方,マ行
376,メタグロス,はがね,エスパー,ホウエン地方,マ行
377,レジロック,いわ,-,ホウエン地方,ラ行
378,レジアイス,こおり,-,ホウエン地方,ラ行
379,レジスチル,はがね,-,ホウエン地方,ラ行
380,ラティアス,ドラゴン,エスパー,ホウエン地方,ラ行
381,ラティオス,ドラゴン,エスパー,ホウエン地方,ラ行
382,カイオーガ,みず,-,ホウエン地方,カ行
383,グラードン,じめん,-,ホウエン地方,カ行
384,レックウザ,ドラゴン,ひこう,ホウエン地方,ラ行
385,ジラーチ,はがね,エスパー,ホウエン地方,サ行
386,デオキシス,エスパー,-,ホウエン地方,タ行
387,ナエトル,くさ,-,シンオウ地方,ナ行
388,ハヤシガメ,くさ,-,シンオウ地方,ハ行
389,ドダイトス,くさ,じめん,シンオウ地方,タ行
390,ヒコザル,ほのお,-,シンオウ地方,ハ行
391,モウカザル,ほのお,かくとう,シンオウ地方,マ行
392,ゴウカザル,ほのお,かくとう,シンオウ地方,カ行
393,ポッチャマ,みず,-,シンオウ地方,ハ行
394,ポッタイシ,みず,-,シンオウ地方,ハ行
395,エンペルト,みず,はがね,シンオウ地方,ア行
396,ムックル,ノーマル,ひこう,シンオウ地方,マ行
397,ムクバード,ノーマル,ひこう,シンオウ地方,マ行
398,ムクホーク,ノーマル,ひこう,シンオウ地方,マ行
399,ビッパ,ノーマル,-,シンオウ地方,ハ行
400,ビーダル,ノーマル,みず,シンオウ地方,ハ行
401,コロボーシ,むし,-,シンオウ地方,カ行
402,コロトック,むし,-,シンオウ地方,カ行
403,コリンク,でんき,-,シンオウ地方,カ行
404,ルクシオ,でんき,-,シンオウ地方,ラ行
405,レントラー,でんき,-,シンオウ地方,ラ行
406,スボミー,くさ,どく,シンオウ地方,サ行
407,ロズレイド,くさ,どく,シンオウ地方,ラ行
408,ズガイドス,いわ,-,シンオウ地方,サ行
409,ラムパルド,いわ,-,シンオウ地方,ラ行
410,タテトプス,いわ,はがね,シンオウ地方,タ行
411,トリデプス,いわ,はがね,シンオウ地方,タ行
412,ミノムッチ,むし,-,シンオウ地方,マ行
413,ミノマダム,むし,くさ,シンオウ地方,マ行
414,ガーメイル,むし,ひこう,シンオウ地方,カ行
415,ミツハニー,むし,ひこう,シンオウ地方,マ行
416,ビークイン,むし,ひこう,シンオウ地方,ハ行
417,パチリス,でんき,-,シンオウ地方,ハ行
418,ブイゼル,みず,-,シンオウ地方,ハ行
419,フローゼル,みず,-,シンオウ地方,ハ行
420,チェリンボ,くさ,-,シンオウ地方,タ行
421,チェリム,くさ,-,シンオウ地方,タ行
422,カラナクシ,みず,-,シンオウ地方,カ行
423,トリトドン,みず,じめん,シンオウ地方,タ行
424,エテボース,ノーマル,-,シンオウ地方,ア行
425,フワンテ,ゴースト,ひこう,シンオウ地方,ハ行
426,フワライド,ゴースト,ひこう,シンオウ地方,ハ行
427,ミミロル,ノーマル,-,シンオウ地方,マ行
428,ミミロップ,ノーマル,-,シンオウ地方,マ行
429,ムウマージ,ゴースト,-,シンオウ地方,マ行
430,ドンカラス,あく,ひこう,シンオウ地方,タ行
431,ニャルマー,ノーマル,-,シンオウ地方,ナ行
432,ブニャット,ノーマル,-,シンオウ地方,ハ行
433,リーシャン,エスパー,-,シンオウ地方,ラ行
434,スカンプー,どく,あく,シンオウ地方,サ行
435,スカタンク,どく,あく,シンオウ地方,サ行
436,ドーミラー,はがね,エスパー,シンオウ地方,タ行
437,ドータクン,はがね,エスパー,シンオウ地方,タ行
438,ウソハチ,いわ,-,シンオウ地方,ア行
439,マネネ,エスパー,フェアリー,シンオウ地方,マ行
440,ピンプク,ノーマル,-,シンオウ地方,ハ行
441,ペラップ,ノーマル,ひこう,シンオウ地方,ハ行
442,ミカルゲ,ゴースト,あく,シンオウ地方,マ行
443,フカマル,ドラゴン,じめん,シンオウ地方,ハ行
444,ガバイト,ドラゴン,じめん,シンオウ地方,カ行
445,ガブリアス,ドラゴン,じめん,シンオウ地方,カ行
446,ゴンベ,ノーマル,-,シンオウ地方,カ行
447,リオル,かくとう,-,シンオウ地方,ラ行
448,ルカリオ,かくとう,はがね,シンオウ地方,ラ行
449,ヒポポタス,じめん,-,シンオウ地方,ハ行
450,カバルドン,じめん,-,シンオウ地方,カ行
451,スコルピ,どく,むし,シンオウ地方,サ行
452,ドラピオン,どく,あく,シンオウ地方,タ行
453,グレッグル,どく,かくとう,シンオウ地方,カ行
454,ドクロッグ,どく,かくとう,シンオウ地方,タ行
455,マスキッパ,くさ,-,シンオウ地方,マ行
456,ケイコウオ,みず,-,シンオウ地方,カ行
457,ネオラント,みず,-,シンオウ地方,ナ行
458,タマンタ,みず,ひこう,シンオウ地方,タ行
459,ユキカブリ,くさ,こおり,シンオウ地方,ヤ行
460,ユキノオー,くさ,こおり,シンオウ地方,ヤ行
461,マニューラ,あく,こおり,シンオウ地方,マ行
462,ジバコイル,でんき,はがね,シンオウ地方,サ行
463,ベロベルト,ノーマル,-,シンオウ地方,ハ行
464,ドサイドン,じめん,いわ,シンオウ地方,タ行
465,モジャンボ,くさ,-,シンオウ地方,マ行
466,エレキブル,でんき,-,シンオウ地方,ア行
467,ブーバーン,ほのお,-,シンオウ地方,ハ行
468,トゲキッス,フェアリー,ひこう,シンオウ地方,タ行
469,メガヤンマ,むし,ひこう,シンオウ地方,マ行
470,リーフィア,くさ,-,シンオウ地方,ラ行
471,グレイシア,こおり,-,シンオウ地方,カ行
472,グライオン,じめん,ひこう,シンオウ地方,カ行
473,マンムー,こおり,じめん,シンオウ地方,マ行
475,エルレイド,エスパー,かくとう,シンオウ地方,ア行
476,ダイノーズ,いわ,はがね,シンオウ地方,タ行
477,ヨノワール,ゴースト,-,シンオウ地方,ヤ行
478,ユキメノコ,こおり,ゴースト,シンオウ地方,ヤ行
479,ロトム,でんき,ゴースト,シンオウ地方,ラ行
480,ユクシー,エスパー,-,シンオウ地方,ヤ行
481,エムリット,エスパー,-,シンオウ地方,ア行
482,アグノム,エスパー,-,シンオウ地方,ア行
483,ディアルガ,はがね,ドラゴン,シンオウ地方,タ行
484,パルキア,みず,ドラゴン,シンオウ地方,ハ行
485,ヒードラン,ほのお,はがね,シンオウ地方,ハ行
486,レジギガス,ノーマル,-,シンオウ地方,ラ行
487,ギラティナ,ゴースト,ドラゴン,シンオウ地方,カ行
488,クレセリア,エスパー,-,シンオウ地方,カ行
489,フィオネ,みず,-,シンオウ地方,ハ行
490,マナフィ,みず,-,シンオウ地方,マ行
491,ダークライ,あく,-,シンオウ地方,タ行
492,シェイミ,くさ,-,シンオウ地方,サ行
493,アルセウス,ノーマル,-,シンオウ地方,ア行
494,ビクティニ,エスパー,ほのお,イッシュ地方,ハ行
495,ツタージャ,くさ,-,イッシュ地方,タ行
496,ジャノビー,くさ,-,イッシュ地方,サ行
497,ジャローダ,くさ,-,イッシュ地方,サ行
498,ポカブ,ほのお,-,イッシュ地方,ハ行
499,チャオブー,ほのお,かくとう,イッシュ地方,タ行
500,エンブオー,ほのお,かくとう,イッシュ地方,ア行
501,ミジュマル,みず,-,イッシュ地方,マ行
502,フタチマル,みず,-,イッシュ地方,ハ行
503,ダイケンキ,みず,-,イッシュ地方,タ行
504,ミネズミ,ノーマル,-,イッシュ地方,マ行
505,ミルホッグ,ノーマル,-,イッシュ地方,マ行
506,ヨーテリー,ノーマル,-,イッシュ地方,ヤ行
507,ハーデリア,ノーマル,-,イッシュ地方,ハ行
508,ムーランド,ノーマル,-,イッシュ地方,マ行
509,チョロネコ,あく,-,イッシュ地方,タ行
510,レパルダス,あく,-,イッシュ地方,ラ行
511,ヤナップ,くさ,-,イッシュ地方,ヤ行
512,ヤナッキー,くさ,-,イッシュ地方,ヤ行
513,バオップ,ほのお,-,イッシュ地方,ハ行
514,バオッキー,ほのお,-,イッシュ地方,ハ行
515,ヒヤップ,みず,-,イッシュ地方,ハ行
516,ヒヤッキー,みず,-,イッシュ地方,ハ行
517,ムンナ,エスパー,-,イッシュ地方,マ行
518,ムシャーナ,エスパー,-,イッシュ地方,マ行
519,マメパト,ノーマル,ひこう,イッシュ地方,マ行
520,ハトーボー,ノーマル,ひこう,イッシュ地方,ハ行
521,ケンホロウ,ノーマル,ひこう,イッシュ地方,カ行
522,シママ,でんき,-,イッシュ地方,サ行
523,ゼブライカ,でんき,-,イッシュ地方,サ行
524,ダンゴロ,いわ,-,イッシュ地方,タ行
525,ガントル,いわ,-,イッシュ地方,カ行
526,ギガイアス,いわ,-,イッシュ地方,カ行
527,コロモリ,エスパー,ひこう,イッシュ地方,カ行
528,ココロモリ,エスパー,ひこう,イッシュ地方,カ行
529,モグリュー,じめん,-,イッシュ地方,マ行
530,ドリュウズ,じめん,はがね,イッシュ地方,タ行
531,タブンネ,ノーマル,-,イッシュ地方,タ行
532,ドッコラー,かくとう,-,イッシュ地方,タ行
533,ドテッコツ,かくとう,-,イッシュ地方,タ行
534,ローブシン,かくとう,-,イッシュ地方,ラ行
535,オタマロ,みず,-,イッシュ地方,ア行
536,ガマガル,みず,じめん,イッシュ地方,カ行
537,ガマゲロゲ,みず,じめん,イッシュ地方,カ行
538,ナゲキ,かくとう,-,イッシュ地方,ナ行
539,ダゲキ,かくとう,-,イッシュ地方,タ行
540,クルミル,むし,くさ,イッシュ地方,カ行
541,クルマユ,むし,くさ,イッシュ地方,カ行
542,ハハコモリ,むし,くさ,イッシュ地方,ハ行
543,フシデ,むし,どく,イッシュ地方,ハ行
544,ホイーガ,むし,どく,イッシュ地方,ハ行
545,ペンドラー,むし,どく,イッシュ地方,ハ行
546,モンメン,くさ,フェアリー,イッシュ地方,マ行
547,エルフーン,くさ,フェアリー,イッシュ地方,ア行
548,チュリネ,くさ,-,イッシュ地方,タ行
549,ドレディア,くさ,-,イッシュ地方,タ行
550,バスラオ,みず,-,イッシュ地方,ハ行
551,メグロコ,じめん,あく,イッシュ地方,マ行
552,ワルビル,じめん,あく,イッシュ地方,ワ行
553,ワルビアル,じめん,あく,イッシュ地方,ワ行
554,ダルマッカ,ほのお,-,イッシュ地方,タ行
555,ヒヒダルマ,ほのお,-,イッシュ地方,ハ行
556,マラカッチ,くさ,-,イッシュ地方,マ行
557,イシズマイ,むし,いわ,イッシュ地方,ア行
558,イワパレス,むし,いわ,イッシュ地方,ア行
559,ズルッグ,あく,かくとう,イッシュ地方,サ行
560,ズルズキン,あく,かくとう,イッシュ地方,サ行
561,シンボラー,エスパー,ひこう,イッシュ地方,サ行
562,デスマス,ゴースト,-,イッシュ地方,タ行
563,デスカーン,ゴースト,-,イッシュ地方,タ行
564,プロトーガ,みず,いわ,イッシュ地方,ハ行
565,アバゴーラ,みず,いわ,イッシュ地方,ア行
566,アーケン,いわ,ひこう,イッシュ地方,ア行
567,アーケオス,いわ,ひこう,イッシュ地方,ア行
568,ヤブクロン,どく,-,イッシュ地方,ヤ行
569,ダストダス,どく,-,イッシュ地方,タ行
570,ゾロア,あく,-,イッシュ地方,サ行
571,ゾロアーク,あく,-,イッシュ地方,サ行
572,チラーミィ,ノーマル,-,イッシュ地方,タ行
573,チラチーノ,ノーマル,-,イッシュ地方,タ行
574,ゴチム,エスパー,-,イッシュ地方,カ行
575,ゴチミル,エスパー,-,イッシュ地方,カ行
576,ゴチルゼル,エスパー,-,イッシュ地方,カ行
577,ユニラン,エスパー,-,イッシュ地方,ヤ行
578,ダブラン,エスパー,-,イッシュ地方,タ行
579,ランクルス,エスパー,-,イッシュ地方,ラ行
580,コアルヒー,みず,ひこう,イッシュ地方,カ行
581,スワンナ,みず,ひこう,イッシュ地方,サ行
582,バニプッチ,こおり,-,イッシュ地方,ハ行
583,バニリッチ,こおり,-,イッシュ地方,ハ行
584,バイバニラ,こおり,-,イッシュ地方,ハ行
585,シキジカ,ノーマル,くさ,イッシュ地方,サ行
586,メブキジカ,ノーマル,くさ,イッシュ地方,マ行
587,エモンガ,でんき,ひこう,イッシュ地方,ア行
588,カブルモ,むし,-,イッシュ地方,カ行
589,シュバルゴ,むし,はがね,イッシュ地方,サ行
590,タマゲタケ,くさ,どく,イッシュ地方,タ行
591,モロバレル,くさ,どく,イッシュ地方,マ行
592,プルリル,みず,ゴースト,イッシュ地方,ハ行
593,ブルンゲル,みず,ゴースト,イッシュ地方,ハ行
594,ママンボウ,みず,-,イッシュ地方,マ行
595,バチュル,むし,でんき,イッシュ地方,ハ行
596,デンチュラ,むし,でんき,イッシュ地方,タ行
597,テッシード,くさ,はがね,イッシュ地方,タ行
598,ナットレイ,くさ,はがね,イッシュ地方,ナ行
599,ギアル,はがね,-,イッシュ地方,カ行
600,ギギアル,はがね,-,イッシュ地方,カ行
601,ギギギアル,はがね,-,イッシュ地方,カ行
602,シビシラス,でんき,-,イッシュ地方,サ行
603,シビビール,でんき,-,イッシュ地方,サ行
604,シビルドン,でんき,-,イッシュ地方,サ行
605,リグレー,エスパー,-,イッシュ地方,ラ行
606,オーベム,エスパー,-,イッシュ地方,ア行
607,ヒトモシ,ゴースト,ほのお,イッシュ地方,ハ行
608,ランプラー,ゴースト,ほのお,イッシュ地方,ラ行
609,シャンデラ,ゴースト,ほのお,イッシュ地方,サ行
610,キバゴ,ドラゴン,-,イッシュ地方,カ行
611,オノンド,ドラゴン,-,イッシュ地方,ア行
612,オノノクス,ドラゴン,-,イッシュ地方,ア行
613,クマシュン,こおり,-,イッシュ地方,カ行
614,ツンベアー,こおり,-,イッシュ地方,タ行
615,フリージオ,こおり,-,イッシュ地方,ハ行
616,チョボマキ,むし,-,イッシュ地方,タ行
617,アギルダー,むし,-,イッシュ地方,ア行
618,マッギョ,じめん,でんき,イッシュ地方,マ行
619,コジョフー,かくとう,-,イッシュ地方,カ行
620,コジョンド,かくとう,-,イッシュ地方,カ行
621,クリムガン,ドラゴン,-,イッシュ地方,カ行
622,ゴビット,じめん,ゴースト,イッシュ地方,カ行
623,ゴルーグ,じめん,ゴースト,イッシュ地方,カ行
624,コマタナ,あく,はがね,イッシュ地方,カ行
625,キリキザン,あく,はがね,イッシュ地方,カ行
626,バッフロン,ノーマル,-,イッシュ地方,ハ行
627,ワシボン,ノーマル,ひこう,イッシュ地方,ワ行
628,ウォーグル,ノーマル,ひこう,イッシュ地方,ア行
629,バルチャイ,あく,ひこう,イッシュ地方,ハ行
630,バルジーナ,あく,ひこう,イッシュ地方,ハ行
631,クイタラン,ほのお,-,イッシュ地方,カ行
632,アイアント,むし,はがね,イッシュ地方,ア行
633,モノズ,あく,ドラゴン,イッシュ地方,マ行
634,ジヘッド,あく,ドラゴン,イッシュ地方,サ行
635,サザンドラ,あく,ドラゴン,イッシュ地方,サ行
636,メラルバ,むし,ほのお,イッシュ地方,マ行
637,ウルガモス,むし,ほのお,イッシュ地方,ア行
638,コバルオン,はがね,かくとう,イッシュ地方,カ行
639,テラキオン,いわ,かくとう,イッシュ地方,タ行
640,ビリジオン,くさ,かくとう,イッシュ地方,ハ行
641,トルネロス,ひこう,-,イッシュ地方,タ行
642,ボルトロス,でんき,ひこう,イッシュ地方,ハ行
643,レシラム,ドラゴン,ほのお,イッシュ地方,ラ行
644,ゼクロム,ドラゴン,でんき,イッシュ地方,サ行
645,ランドロス,じめん,ひこう,イッシュ地方,ラ行
646,キュレム,ドラゴン,こおり,イッシュ地方,カ行
647,ケルディオ,みず,かくとう,イッシュ地方,カ行
648,メロエッタ,ノーマル,エスパー,イッシュ地方,マ行
649,ゲノセクト,むし,はがね,イッシュ地方,カ行
650,ハリマロン,くさ,-,カロス地方,ハ行
651,ハリボーグ,くさ,-,カロス地方,ハ行
652,ブリガロン,くさ,かくとう,カロス地方,ハ行
653,フォッコ,ほのお,-,カロス地方,ハ行
654,テールナー,ほのお,-,カロス地方,タ行
655,マフォクシー,ほのお,エスパー,カロス地方,マ行
656,ケロマツ,みず,-,カロス地方,カ行
657,ゲコガシラ,みず,-,カロス地方,カ行
658,ゲッコウガ,みず,あく,カロス地方,カ行
659,ホルビー,ノーマル,-,カロス地方,ハ行
660,ホルード,ノーマル,じめん,カロス地方,ハ行
661,ヤヤコマ,ノーマル,ひこう,カロス地方,ヤ行
662,ヒノヤコマ,ほのお,ひこう,カロス地方,ハ行
663,ファイアロー,ほのお,ひこう,カロス地方,ハ行
664,コフキムシ,むし,-,カロス地方,カ行
665,コフーライ,むし,-,カロス地方,カ行
666,ビビヨン,むし,ひこう,カロス地方,ハ行
667,シシコ,ほのお,ノーマル,カロス地方,サ行
668,カエンジシ,ほのお,ノーマル,カロス地方,カ行
669,フラベベ,フェアリー,-,カロス地方,ハ行
670,フラエッテ,フェアリー,-,カロス地方,ハ行
671,フラージェス,フェアリー,-,カロス地方,ハ行
672,メェークル,くさ,-,カロス地方,マ行
673,ゴーゴート,くさ,-,カロス地方,カ行
674,ヤンチャム,かくとう,-,カロス地方,ヤ行
675,ゴロンダ,かくとう,あく,カロス地方,カ行
676,トリミアン,ノーマル,-,カロス地方,タ行
677,ニャスパー,エスパー,-,カロス地方,ナ行
678,ニャオニクス,エスパー,-,カロス地方,ナ行
679,ヒトツキ,はがね,ゴースト,カロス地方,ハ行
680,ニダンギル,はがね,ゴースト,カロス地方,ナ行
681,ギルガルド,はがね,ゴースト,カロス地方,カ行
682,シュシュプ,フェアリー,-,カロス地方,サ行
683,フレフワン,フェアリー,-,カロス地方,ハ行
684,ペロッパフ,フェアリー,-,カロス地方,ハ行
685,ペロリーム,フェアリー,-,カロス地方,ハ行
686,マーイーカ,あく,エスパー,カロス地方,マ行
687,カラマネロ,あく,エスパー,カロス地方,カ行
688,カメテテ,いわ,みず,カロス地方,カ行
689,ガメノデス,いわ,みず,カロス地方,カ行
690,クズモー,どく,みず,カロス地方,カ行
691,ドラミドロ,どく,ドラゴン,カロス地方,タ行
692,ウデッポウ,みず,-,カロス地方,ア行
693,ブロスター,みず,-,カロス地方,ハ行
694,エリキテル,でんき,ノーマル,カロス地方,ア行
695,エレザード,でんき,ノーマル,カロス地方,ア行
696,チゴラス,いわ,ドラゴン,カロス地方,タ行
697,ガチゴラス,いわ,ドラゴン,カロス地方,カ行
698,アマルス,いわ,こおり,カロス地方,ア行
699,アマルルガ,いわ,こおり,カロス地方,ア行
700,ニンフィア,フェアリー,-,カロス地方,ナ行
701,ルチャブル,かくとう,ひこう,カロス地方,ラ行
702,デデンネ,でんき,フェアリー,カロス地方,タ行
703,メレシー,いわ,フェアリー,カロス地方,マ行
704,ヌメラ,ドラゴン,-,カロス地方,ナ行
705,ヌメイル,ドラゴン,-,カロス地方,ナ行
706,ヌメルゴン,ドラゴン,-,カロス地方,ナ行
707,クレッフィ,はがね,フェアリー,カロス地方,カ行
708,ボクレー,ゴースト,くさ,カロス地方,ハ行
709,オーロット,ゴースト,くさ,カロス地方,ア行
710,バケッチャ,ゴースト,くさ,カロス地方,ハ行
711,パンプジン,ゴースト,くさ,カロス地方,ハ行
712,カチコール,こおり,-,カロス地方,カ行
713,クレベース,こおり,-,カロス地方,カ行
714,オンバット,ひこう,ドラゴン,カロス地方,ア行
715,オンバーン,ひこう,ドラゴン,カロス地方,ア行
716,ゼルネアス,フェアリー,-,カロス地方,サ行
717,イベルタル,あく,ひこう,カロス地方,ア行
718,ジガルデ,ドラゴン,じめん,カロス地方,サ行
719,ディアンシー,いわ,フェアリー,カロス地方,タ行
720,フーパ,エスパー,ゴースト,カロス地方,ハ行
721,ボルケニオン,ほのお,みず,カロス地方,ハ行
722,モクロー,くさ,ひこう,アローラ地方,マ行
723,フクスロー,くさ,ひこう,アローラ地方,ハ行
724,ジュナイパー,くさ,ゴースト,アローラ地方,サ行
725,ニャビー,ほのお,-,アローラ地方,ナ行
726,ニャヒート,ほのお,-,アローラ地方,ナ行
727,ガオガエン,ほのお,あく,アローラ地方,カ行
728,アシマリ,みず,-,アローラ地方,ア行
729,オシャマリ,みず,-,アローラ地方,ア行
730,アシレーヌ,みず,フェアリー,アローラ地方,ア行
731,ツツケラ,ノーマル,ひこう,アローラ地方,タ行
732,ケララッパ,ノーマル,ひこう,アローラ地方,カ行
733,ドデカバシ,ノーマル,ひこう,アローラ地方,タ行
734,ヤングース,ノーマル,-,アローラ地方,ヤ行
735,デカグース,ノーマル,-,アローラ地方,タ行
736,アゴジムシ,むし,-,アローラ地方,ア行
737,デンヂムシ,むし,でんき,アローラ地方,タ行
738,クワガノン,むし,でんき,アローラ地方,カ行
739,マケンカニ,かくとう,-,アローラ地方,マ行
740,ケケンカニ,かくとう,こおり,アローラ地方,カ行
741,オドリドリ,ほのお,ひこう,アローラ地方,ア行
742,アブリー,むし,フェアリー,アローラ地方,ア行
743,アブリボン,むし,フェアリー,アローラ地方,ア行
744,イワンコ,いわ,-,アローラ地方,ア行
745,ルガルガン,いわ,-,アローラ地方,ラ行
746,ヨワシ,みず,-,アローラ地方,ヤ行
747,ヒドイデ,どく,みず,アローラ地方,ハ行
748,ドヒドイデ,どく,みず,アローラ地方,タ行
749,ドロバンコ,じめん,-,アローラ地方,タ行
750,バンバドロ,じめん,-,アローラ地方,ハ行
751,シズクモ,みず,むし,アローラ地方,サ行
752,オニシズクモ,みず,むし,アローラ地方,ア行
753,カリキリ,くさ,-,アローラ地方,カ行
754,ラランテス,くさ,-,アローラ地方,ラ行
755,ネマシュ,くさ,フェアリー,アローラ地方,ナ行
756,マシェード,くさ,フェアリー,アローラ地方,マ行
757,ヤトウモリ,どく,ほのお,アローラ地方,ヤ行
758,エンニュート,どく,ほのお,アローラ地方,ア行
759,ヌイコグマ,ノーマル,かくとう,アローラ地方,ナ行
760,キテルグマ,ノーマル,かくとう,アローラ地方,カ行
761,アマカジ,くさ,-,アローラ地方,ア行
762,アママイコ,くさ,-,アローラ地方,ア行
763,アマージョ,くさ,-,アローラ地方,ア行
764,キュワワー,フェアリー,-,アローラ地方,カ行
765,ヤレユータン,ノーマル,エスパー,アローラ地方,ヤ行
766,ナゲツケサル,かくとう,-,アローラ地方,ナ行
767,コソクムシ,むし,みず,アローラ地方,カ行
768,グソクムシャ,むし,みず,アローラ地方,カ行
769,スナバァ,ゴースト,じめん,アローラ地方,サ行
770,シロデスナ,ゴースト,じめん,アローラ地方,サ行
771,ナマコブシ,みず,-,アローラ地方,ナ行
772,タイプ：ヌル,ノーマル,-,アローラ地方,タ行
773,シルヴァディ,ノーマル,-,アローラ地方,サ行
774,メテノ,いわ,ひこう,アローラ地方,マ行
775,ネッコアラ,ノーマル,-,アローラ地方,ナ行
776,バクガメス,ほのお,ドラゴン,アローラ地方,ハ行
777,トゲデマル,でんき,はがね,アローラ地方,タ行
778,ミミッキュ,ゴースト,フェアリー,アローラ地方,マ行
779,ハギギシリ,みず,エスパー,アローラ地方,ハ行
780,ジジーロン,ノーマル,ドラゴン,アローラ地方,サ行
781,ダダリン,ゴースト,くさ,アローラ地方,タ行
782,ジャラコ,ドラゴン,-,アローラ地方,サ行
783,ジャランゴ,ドラゴン,かくとう,アローラ地方,サ行
784,ジャラランガ,ドラゴン,かくとう,アローラ地方,サ行
785,カプ・コケコ,でんき,フェアリー,アローラ地方,カ行
786,カプ・テテフ,エスパー,フェアリー,アローラ地方,カ行
787,カプ・ブルル,くさ,フェアリー,アローラ地方,カ行
788,カプ・レヒレ,みず,フェアリー,アローラ地方,カ行
789,コスモッグ,エスパー,-,アローラ地方,カ行
790,コスモウム,エスパー,-,アローラ地方,カ行
791,ソルガレオ,エスパー,はがね,アローラ地方,サ行
792,ルナアーラ,エスパー,ゴースト,アローラ地方,ラ行
793,ウツロイド,いわ,どく,アローラ地方,ア行
794,マッシブーン,むし,かくとう,アローラ地方,マ行
795,フェローチェ,むし,かくとう,アローラ地方,ハ行
796,デンジュモク,でんき,-,アローラ地方,タ行
797,テッカグヤ,はがね,ひこう,アローラ地方,タ行
798,カミツルギ,くさ,はがね,アローラ地方,カ行
799,アクジキング,あく,ドラゴン,アローラ地方,ア行
800,ネクロズマ,エスパー,-,アローラ地方,ナ行
801,マギアナ,はがね,フェアリー,アローラ地方,マ行
802,マーシャドー,かくとう,ゴースト,アローラ地方,マ行
803,ベベノム,どく,-,アローラ地方,ハ行
804,アーゴヨン,どく,ドラゴン,アローラ地方,ア行
805,ツンデツンデ,いわ,はがね,アローラ地方,タ行
806,ズガドーン,ほのお,ゴースト,アローラ地方,サ行
807,ゼラオラ,でんき,-,アローラ地方,サ行
808,メルタン,はがね,-,カントー地方,マ行
809,メルメタル,はがね,-,カントー地方,マ行
810,サルノリ,くさ,-,ガラル地方,サ行
811,バチンキー,くさ,-,ガラル地方,ハ行
812,ゴリランダー,くさ,-,ガラル地方,カ行
813,ヒバニー,ほのお,-,ガラル地方,ハ行
814,ラビフット,ほのお,-,ガラル地方,ラ行
815,エースバーン,ほのお,-,ガラル地方,ア行
816,メッソン,みず,-,ガラル地方,マ行
817,ジメレオン,みず,-,ガラル地方,サ行
818,インテレオン,みず,-,ガラル地方,ア行
819,ホシガリス,ノーマル,-,ガラル地方,ハ行
820,ヨクバリス,ノーマル,-,ガラル地方,ヤ行
821,ココガラ,ひこう,-,ガラル地方,カ行
822,アオガラス,ひこう,-,ガラル地方,ア行
823,アーマーガア,ひこう,はがね,ガラル地方,ア行
824,サッチムシ,むし,-,ガラル地方,サ行
825,レドームシ,むし,エスパー,ガラル地方,ラ行
826,イオルブ,むし,エスパー,ガラル地方,ア行
827,クスネ,あく,-,ガラル地方,カ行
828,フォクスライ,あく,-,ガラル地方,ハ行
829,ヒメンカ,くさ,-,ガラル地方,ハ行
830,ワタシラガ,くさ,-,ガラル地方,ワ行
831,ウールー,ノーマル,-,ガラル地方,ア行
832,バイウールー,ノーマル,-,ガラル地方,ハ行
833,カムカメ,みず,-,ガラル地方,カ行
834,カジリガメ,みず,いわ,ガラル地方,カ行
835,ワンパチ,でんき,-,ガラル地方,ワ行
836,パルスワン,でんき,-,ガラル地方,ハ行
837,タンドン,いわ,-,ガラル地方,タ行
838,トロッゴン,いわ,ほのお,ガラル地方,タ行
839,セキタンザン,いわ,ほのお,ガラル地方,サ行
840,カジッチュ,くさ,ドラゴン,ガラル地方,カ行
841,アップリュー,くさ,ドラゴン,ガラル地方,ア行
842,タルップル,くさ,ドラゴン,ガラル地方,タ行
843,スナヘビ,じめん,-,ガラル地方,サ行
844,サダイジャ,じめん,-,ガラル地方,サ行
845,ウッウ,ひこう,みず,ガラル地方,ア行
846,サシカマス,みず,-,ガラル地方,サ行
847,カマスジョー,みず,-,ガラル地方,カ行
848,エレズン,でんき,どく,ガラル地方,ア行
849,ストリンダー,でんき,どく,ガラル地方,サ行
850,ヤクデ,ほのお,むし,ガラル地方,ヤ行
851,マルヤクデ,ほのお,むし,ガラル地方,マ行
852,タタッコ,かくとう,-,ガラル地方,タ行
853,オトスパス,かくとう,-,ガラル地方,ア行
854,ヤバチャ,ゴースト,-,ガラル地方,ヤ行
855,ポットデス,ゴースト,-,ガラル地方,ハ行
856,ミブリム,エスパー,-,ガラル地方,マ行
857,テブリム,エスパー,-,ガラル地方,タ行
858,ブリムオン,エスパー,フェアリー,ガラル地方,ハ行
859,ベロバー,あく,フェアリー,ガラル地方,ハ行
860,ギモー,あく,フェアリー,ガラル地方,カ行
861,オーロンゲ,あく,フェアリー,ガラル地方,ア行
862,タチフサグマ,あく,ノーマル,ガラル地方,タ行
863,ニャイキング,はがね,-,ガラル地方,ナ行
864,サニゴーン,ゴースト,-,ガラル地方,サ行
865,ネギガナイト,かくとう,-,ガラル地方,ナ行
866,デスバーン,こおり,エスパー,ガラル地方,タ行
867,バリコオル,じめん,ゴースト,ガラル地方,ハ行
868,マホミル,フェアリー,-,ガラル地方,マ行
869,マホイップ,フェアリー,-,ガラル地方,マ行
870,タイレーツ,かくとう,-,ガラル地方,タ行
871,バチンウニ,でんき,-,ガラル地方,ハ行
872,ユキハミ,こおり,むし,ガラル地方,ヤ行
873,モスノウ,こおり,むし,ガラル地方,マ行
874,イシヘンジン,いわ,-,ガラル地方,ア行
875,コオリッポ,こおり,-,ガラル地方,カ行
876,イエッサン,エスパー,ノーマル,ガラル地方,ア行
877,モルペコ,でんき,あく,ガラル地方,マ行
878,ゾウドウ,はがね,-,ガラル地方,サ行
879,ダイオウドウ,はがね,-,ガラル地方,タ行
880,パッチラゴン,でんき,ドラゴン,ガラル地方,ハ行
881,パッチルドン,でんき,こおり,ガラル地方,ハ行
882,ウオノラゴン,みず,ドラゴン,ガラル地方,ア行
883,ウオチルドン,みず,こおり,ガラル地方,ア行
884,ジュラルドン,はがね,ドラゴン,ガラル地方,サ行
885,ドラメシヤ,ドラゴン,ゴースト,ガラル地方,タ行
886,ドロンチ,ドラゴン,ゴースト,ガラル地方,タ行
887,ドラパルト,ドラゴン,ゴースト,ガラル地方,タ行
888,ザシアン,フェアリー,-,ガラル地方,サ行
889,ザマゼンタ,かくとう,-,ガラル地方,サ行
890,ムゲンダイナ,どく,ドラゴン,ガラル地方,マ行
891,ダクマ,かくとう,-,ガラル地方,タ行
892,ウーラオス,かくとう,あく,ガラル地方,ア行
893,ザルード,あく,くさ,ガラル地方,サ行
894,レジエレキ,でんき,-,ガラル地方,ラ行
895,レジドラゴ,ドラゴン,-,ガラル地方,ラ行
896,ブリザポス,こおり,-,ガラル地方,ハ行
897,レイスポス,ゴースト,-,ガラル地方,ラ行
898,バドレックス,エスパー,くさ,ガラル地方,ハ行
899,アヤシシ,ノーマル,エスパー,ヒスイ地方,ア行
900,バサギリ,むし,いわ,ヒスイ地方,ハ行
901,ガチグマ,じめん,ノーマル,ヒスイ地方,カ行
902,イダイトウ,みず,ゴースト,ヒスイ地方,ア行
903,オオニューラ,かくとう,どく,ヒスイ地方,ア行
904,ハリーマン,あく,どく,ヒスイ地方,ハ行
905,ラブトロス,フェアリー,ひこう,ヒスイ地方,ラ行
906,ニャオハ,くさ,-,パルデア地方,ナ行
907,ニャローテ,くさ,-,パルデア地方,ナ行
908,マスカーニャ,くさ,あく,パルデア地方,マ行
909,ホゲータ,ほのお,-,パルデア地方,ハ行
910,アチゲータ,ほのお,-,パルデア地方,ア行
911,ラウドボーン,ほのお,ゴースト,パルデア地方,ラ行
912,クワッス,みず,-,パルデア地方,カ行
913,ウェルカモ,みず,-,パルデア地方,ア行
914,ウェーニバル,みず,かくとう,パルデア地方,ア行
915,グルトン,ノーマル,-,パルデア地方,カ行
916,パフュートン,ノーマル,-,パルデア地方,ハ行
917,タマンチュラ,むし,-,パルデア地方,タ行
918,ワナイダー,むし,-,パルデア地方,ワ行
919,マメバッタ,むし,-,パルデア地方,マ行
920,エクスレッグ,むし,あく,パルデア地方,ア行
921,パモ,でんき,-,パルデア地方,ハ行
922,パモット,でんき,かくとう,パルデア地方,ハ行
923,パーモット,でんき,かくとう,パルデア地方,ハ行
924,ワッカネズミ,ノーマル,-,パルデア地方,ワ行
925,イッカネズミ,ノーマル,-,パルデア地方,ア行
926,パピモッチ,フェアリー,-,パルデア地方,ハ行
927,バウッツェル,フェアリー,-,パルデア地方,ハ行
928,ミニーブ,くさ,ノーマル,パルデア地方,マ行
929,オリーニョ,くさ,ノーマル,パルデア地方,ア行
930,オリーヴァ,くさ,ノーマル,パルデア地方,ア行
931,イキリンコ,ノーマル,ひこう,パルデア地方,ア行
932,コジオ,いわ,-,パルデア地方,カ行
933,ジオヅム,いわ,-,パルデア地方,サ行
934,キョジオーン,いわ,-,パルデア地方,カ行
935,カルボウ,ほのお,-,パルデア地方,カ行
936,グレンアルマ,ほのお,エスパー,パルデア地方,カ行
937,ソウブレイズ,ほのお,ゴースト,パルデア地方,サ行
938,ズピカ,でんき,-,パルデア地方,サ行
939,ハラバリー,でんき,-,パルデア地方,ハ行
940,カイデン,でんき,ひこう,パルデア地方,カ行
941,タイカイデン,でんき,ひこう,パルデア地方,タ行
942,オラチフ,あく,-,パルデア地方,ア行
943,マフィティフ,あく,-,パルデア地方,マ行
944,シルシュルー,どく,ノーマル,パルデア地方,サ行
945,タギングル,どく,ノーマル,パルデア地方,タ行
946,アノクサ,くさ,ゴースト,パルデア地方,ア行
947,アノホラグサ,くさ,ゴースト,パルデア地方,ア行
948,ノノクラゲ,じめん,くさ,パルデア地方,ナ行
949,リククラゲ,じめん,くさ,パルデア地方,ラ行
950,ガケガニ,いわ,-,パルデア地方,カ行
951,カプサイジ,くさ,-,パルデア地方,カ行
952,スコヴィラン,くさ,ほのお,パルデア地方,サ行
953,シガロコ,むし,-,パルデア地方,サ行
954,ベラカス,むし,エスパー,パルデア地方,ハ行
955,ヒラヒナ,エスパー,-,パルデア地方,ハ行
956,クエスパトラ,エスパー,-,パルデア地方,カ行
957,カヌチャン,フェアリー,はがね,パルデア地方,カ行
958,ナカヌチャン,フェアリー,はがね,パルデア地方,ナ行
959,デカヌチャン,フェアリー,はがね,パルデア地方,タ行
960,ウミディグダ,みず,-,パルデア地方,ア行
961,ウミトリオ,みず,-,パルデア地方,ア行
962,オトシドリ,ひこう,あく,パルデア地方,ア行
963,ナミイルカ,みず,-,パルデア地方,ナ行
964,イルカマン,みず,-,パルデア地方,ア行
965,ブロロン,はがね,どく,パルデア地方,ハ行
966,ブロロローム,はがね,どく,パルデア地方,ハ行
967,モトトカゲ,ドラゴン,ノーマル,パルデア地方,マ行
968,ミミズズ,はがね,-,パルデア地方,マ行
969,キラーメ,いわ,どく,パルデア地方,カ行
970,キラフロル,いわ,どく,パルデア地方,カ行
971,ボチ,ゴースト,-,パルデア地方,ハ行
972,ハカドッグ,ゴースト,-,パルデア地方,ハ行
973,カラミンゴ,ひこう,かくとう,パルデア地方,カ行
974,アルクジラ,こおり,-,パルデア地方,ア行
975,ハルクジラ,こおり,-,パルデア地方,ハ行
976,ミガルーサ,みず,エスパー,パルデア地方,マ行
977,ヘイラッシャ,みず,-,パルデア地方,ハ行
978,シャリタツ,ドラゴン,みず,パルデア地方,サ行
979,コノヨザル,かくとう,ゴースト,パルデア地方,カ行
980,ドオー,どく,じめん,パルデア地方,タ行
981,リキキリン,ノーマル,エスパー,パルデア地方,ラ行
982,ノココッチ,ノーマル,-,パルデア地方,ナ行
983,ドドゲザン,あく,はがね,パルデア地方,タ行
984,イダイナキバ,じめん,かくとう,パルデア地方,ア行
985,サケブシッポ,フェアリー,エスパー,パルデア地方,サ行
986,アラブルタケ,くさ,あく,パルデア地方,ア行
987,ハバタクカミ,ゴースト,フェアリー,パルデア地方,ハ行
988,チヲハウハネ,むし,かくとう,パルデア地方,タ行
989,スナノケガワ,でんき,じめん,パルデア地方,サ行
990,テツノワダチ,じめん,はがね,パルデア地方,タ行
991,テツノツツミ,こおり,みず,パルデア地方,タ行
992,テツノカイナ,かくとう,でんき,パルデア地方,タ行
993,テツノコウベ,あく,ひこう,パルデア地方,タ行
994,テツノドクガ,ほのお,どく,パルデア地方,タ行
995,テツノイバラ,いわ,でんき,パルデア地方,タ行
996,セビエ,ドラゴン,こおり,パルデア地方,サ行
997,セゴール,ドラゴン,こおり,パルデア地方,サ行
998,セグレイブ,ドラゴン,こおり,パルデア地方,サ行
999,コレクレー,ゴースト,-,パルデア地方,カ行
1000,サーフゴー,はがね,ゴースト,パルデア地方,サ行
1001,チオンジェン,あく,くさ,パルデア地方,タ行
1002,パオジアン,あく,こおり,パルデア地方,ハ行
1003,ディンルー,あく,じめん,パルデア地方,タ行
1004,イーユイ,あく,ほのお,パルデア地方,ア行
1005,トドロクツキ,ドラゴン,あく,パルデア地方,タ行
1006,テツノブジン,フェアリー,かくとう,パルデア地方,タ行
1007,コライドン,かくとう,ドラゴン,パルデア地方,カ行
1008,ミライドン,でんき,ドラゴン,パルデア地方,マ行
1009,ウネルミナモ,みず,ドラゴン,パルデア地方,ア行
1010,テツノイサハ,くさ,エスパー,パルデア地方,タ行
1011,カミッチュ,くさ,ドラゴン,パルデア地方,カ行
1012,チャデス,くさ,ゴースト,パルデア地方,タ行
1013,ヤバソチャ,くさ,ゴースト,パルデア地方,ヤ行
1014,イイネイヌ,どく,かくとう,パルデア地方,ア行
1015,マシマシラ,どく,エスパー,パルデア地方,マ行
1016,キチキギス,どく,フェアリー,パルデア地方,カ行
1017,オーガポン,くさ,-,パルデア地方,ア行
1018,ブリジュラス,はがね,ドラゴン,パルデア地方,ハ行
1019,カミツオロチ,くさ,ドラゴン,パルデア地方,カ行
1020,ウガツホムラ,ほのお,ドラゴン,パルデア地方,ア行
1021,タケルライコ,でんき,ドラゴン,パルデア地方,タ行
1022,テツノイワオ,いわ,エスパー,パルデア地方,タ行
1023,テツノカシラ,はがね,エスパー,パルデア地方,タ行
1024,テラパゴス,ノーマル,-,パルデア地方,タ行
1025,モモワロウ,どく,ゴースト,パルデア地方,マ行
